0,"Pass"," ","text.ini",5,12,5301264,
1,"Wing"," ","text.ini",5,12,5301500,
2,"Herb"," ","text.ini",5,12,5301524,
3,"Gene"," ","text.ini",5,12,5301916,
4,"Zava"," ","text.ini",5,12,5302144,
5,"Darm"," ","text.ini",5,12,5302204,
6,"Reah"," ","text.ini",5,12,5305732,
7,"Dogi"," ","text.ini",5,12,5305764,
8,"Sara"," ","text.ini",5,12,5305772,
9,"Jade"," ","text.ini",5,12,5305956,
10,"Gila"," ","text.ini",5,12,5305980,
11,"Tess"," ","text.ini",5,12,5305988,
12,"Tran"," ","text.ini",5,12,5306012,
13,"Kris"," ","text.ini",5,12,5306044,
14,"Beth"," ","text.ini",5,12,5306080,
15,"Andy"," ","text.ini",5,12,5306096,
16,"Kate"," ","text.ini",5,12,5306112,
17,"Colt"," ","text.ini",5,12,5306120,
18,"Esca"," ","text.ini",5,12,5306140,
19,"Tita"," ","text.ini",5,12,5306148,
20,"Theo"," ","text.ini",5,12,5306156,
21,"Lucy"," ","text.ini",5,12,5306164,
22,"Polo"," ","text.ini",5,12,5306180,
23,"Ruba"," ","text.ini",5,12,5306196,
24,"Fred"," ","text.ini",5,12,5306212,
25,"Rafa"," ","text.ini",5,12,5306220,
26,"Noit"," ","text.ini",5,12,5306228,
27,"Elle"," ","text.ini",5,12,5306248,
28,"Nash"," ","text.ini",5,12,5306320,
29,"Sada"," ","text.ini",5,12,5306416,
30,"Regg"," ","text.ini",5,12,5306456,
31,"Frau"," ","text.ini",5,12,5306472,
32,"Neal"," ","text.ini",5,12,5306496,
33,"Muto"," ","text.ini",5,12,5306512,
34,"Faye"," ","text.ini",5,12,5306520,
35,"Jill"," ","text.ini",5,12,5306536,
36,"Kyle"," ","text.ini",5,12,5306544,
37,"DEF:"," ","text.ini",5,12,5308860,
38,"STR:"," ","text.ini",5,12,5308868,
39,"EXP:"," ","text.ini",5,12,5308884,
40,"EASY"," ","text.ini",5,12,5311708,
41,"HARD"," ","text.ini",5,12,5311716,
42,"Ploo"," ","text.ini",5,12,5313512,
43,"Rurr"," ","text.ini",5,12,5313536,
44,"Yupe"," ","text.ini",5,12,5313592,
45,"Elbo"," ","text.ini",5,12,5313720,
46,"Troo"," ","text.ini",5,12,5314064,
47,"Wart"," ","text.ini",5,12,5314152,
48,"Vivi"," ","text.ini",5,12,5314188,
49,"Vivi"," ","text.ini",5,12,5314188,
50,"Jilk"," ","text.ini",5,12,5314224,
51,"DOOM"," ","text.ini",5,12,5314256,
52,"Lurr"," ","text.ini",5,12,5314404,
53,"Plix"," ","text.ini",5,12,5314436,
54,"Daps"," ","text.ini",5,12,5314492,
55,"Blik"," ","text.ini",5,12,5314644,
56,"Jerk"," ","text.ini",5,12,5314652,
57,"Wham"," ","text.ini",5,12,5314660,
58,"Klok"," ","text.ini",5,12,5314668,
59,"Plop"," ","text.ini",5,12,5314676,
60,"Drat"," ","text.ini",5,12,5314688,
61,"Glig"," ","text.ini",5,12,5314716,
62,"Slam"," ","text.ini",5,12,5314724,
63,"Stub"," ","text.ini",5,12,5314756,
64,"Chew"," ","text.ini",5,12,5314776,
65,"Durr"," ","text.ini",5,12,5314788,
66,"64206"," ","text.ini",5,12,5314796,
67,"Flik"," ","text.ini",5,12,5314804,
68,"Iaia"," ","text.ini",5,12,5314864,
69,"Ndnd"," ","text.ini",5,12,5314912,
70,"July"," ","text.ini",5,12,5314952,
71,"Brie"," ","text.ini",5,12,5314980,
72,"Aqua"," ","text.ini",5,12,5315072,
73,"Dark"," ","text.ini",5,12,5316084,
74,"Clay"," ","text.ini",5,12,5317836,
75,"Walk"," ","text.ini",5,12,5329920,
76,"MIDI"," ","text.ini",5,12,5330368,
77,"SAVE"," ","text.ini",5,12,5330384,
78,"LOAD"," ","text.ini",5,12,5330392,
79,"QUIT"," ","text.ini",5,12,5330428,
80,"ITEM"," ","text.ini",5,12,5332172,
81,"NOTE"," ","text.ini",5,12,5332180,
82,"March"," ","text.ini",6,12,5162416,
83,"April"," ","text.ini",6,12,5162424,
84,"Apple"," ","text.ini",6,12,5301516,
85,"Tolpi"," ","text.ini",6,12,5301804,
86,"Carly"," ","text.ini",6,12,5301812,
87,"Neeli"," ","text.ini",6,12,5301828,
88,"Swoff"," ","text.ini",6,12,5301892,
89,"Topus"," ","text.ini",6,12,5301936,
90,"Dirga"," ","text.ini",6,12,5301944,
91,"Feena"," ","text.ini",6,12,5305712,
92,"Goban"," ","text.ini",6,12,5305724,
93,"Banoa"," ","text.ini",6,12,5305868,
94,"Lilia"," ","text.ini",6,12,5305876,
95,"Astal"," ","text.ini",6,12,5305896,
96,"Guido"," ","text.ini",6,12,5305964,
97,"Leggs"," ","text.ini",6,12,5305972,
98,"Lazlo"," ","text.ini",6,12,5305996,
99,"Bohtz"," ","text.ini",6,12,5306028,
100,"Ceres"," ","text.ini",6,12,5306036,
101,"Brody"," ","text.ini",6,12,5306060,
102,"Oseam"," ","text.ini",6,12,5306088,
103,"Favre"," ","text.ini",6,12,5306256,
104,"Meryl"," ","text.ini",6,12,5306272,
105,"Kasim"," ","text.ini",6,12,5306280,
106,"Ischt"," ","text.ini",6,12,5306288,
107,"Darie"," ","text.ini",6,12,5306296,
108,"Keith"," ","text.ini",6,12,5306384,
109,"Lloyd"," ","text.ini",6,12,5306400,
110,"Gorto"," ","text.ini",6,12,5306408,
111,"Hadat"," ","text.ini",6,12,5306424,
112,"Karen"," ","text.ini",6,12,5306432,
113,"Maria"," ","text.ini",6,12,5306440,
114,"Zalem"," ","text.ini",6,12,5306448,
115,"Frith"," ","text.ini",6,12,5306464,
116,"Blitz"," ","text.ini",6,12,5306488,
117,"Tanya"," ","text.ini",6,12,5306504,
118,"Reise"," ","text.ini",6,12,5306528,
119,"Boris"," ","text.ini",6,12,5306564,
120,"Sound"," ","text.ini",6,12,5309300,
121,"Files"," ","text.ini",6,12,5309312,
122,"Title"," ","text.ini",6,12,5311480,
123,"Diary"," ","text.ini",6,12,5311496,
124,"Shnax"," ","text.ini",6,12,5313520,
125,"Xetso"," ","text.ini",6,12,5313528,
126,"Ecclo"," ","text.ini",6,12,5313568,
127,"Quilg"," ","text.ini",6,12,5313584,
128,"Sammy"," ","text.ini",6,12,5313676,
129,"Hosio"," ","text.ini",6,12,5313772,
130,"Jaxie"," ","text.ini",6,12,5313940,
131,"Shuya"," ","text.ini",6,12,5313948,
132,"Crumb"," ","text.ini",6,12,5314112,
133,"Tronn"," ","text.ini",6,12,5314120,
134,"Robey"," ","text.ini",6,12,5314208,
135,"Elroy"," ","text.ini",6,12,5314552,
136,"Gruel"," ","text.ini",6,12,5314604,
137,"Floot"," ","text.ini",6,12,5314636,
138,"Kleet"," ","text.ini",6,12,5314700,
139,"Clomp"," ","text.ini",6,12,5314764,
140,"Bemmi"," ","text.ini",6,12,5314872,
141,"Epona"," ","text.ini",6,12,5314904,
142,"Shion"," ","text.ini",6,12,5315056,
143,"Seedy"," ","text.ini",6,12,5315284,
144,"Loner"," ","text.ini",6,12,5316004,
145,"Loyal"," ","text.ini",6,12,5316624,
146,"Sunny"," ","text.ini",6,12,5317008,
147,"Aloof"," ","text.ini",6,12,5317088,
148,"Mossy"," ","text.ini",6,12,5317844,
149,"Pious"," ","text.ini",6,12,5318024,
150,"Aldow"," ","text.ini",6,12,5318264,
151,"Solid"," ","text.ini",6,12,5330072,
152,"Black"," ","text.ini",6,12,5330112,
153,"Point"," ","text.ini",6,12,5330188,
154,"Total"," ","text.ini",6,12,5330232,
155,"Debug"," ","text.ini",6,12,5330252,
156,"Start"," ","text.ini",6,12,5330312,
157,"ERASE"," ","text.ini",6,12,5330480,
158,"TITLE"," ","text.ini",6,12,5330488,
159,"MAGIC"," ","text.ini",6,12,5331456,
160,"EQUIP"," ","text.ini",6,12,5331920,
161,"FILES"," ","text.ini",6,12,5332188,
162,"Sunday"," ","text.ini",7,12,5162280,
163,"Monday"," ","text.ini",7,12,5162288,
164,"Friday"," ","text.ini",7,12,5162328,
165,"August"," ","text.ini",7,12,5162448,
166,"Talwar"," ","text.ini",7,12,5300668,
167,"Reflex"," ","text.ini",7,12,5300884,
168,"Elixir"," ","text.ini",7,12,5301508,
169,"Cactus"," ","text.ini",7,12,5301688,
170,"Pebble"," ","text.ini",7,12,5301696,
171,"Chrace"," ","text.ini",7,12,5301724,
172,"Puroid"," ","text.ini",7,12,5301796,
173,"Eggnid"," ","text.ini",7,12,5301848,
174,"Onuman"," ","text.ini",7,12,5301908,
175,"Baocar"," ","text.ini",7,12,5301976,
176,"Bearot"," ","text.ini",7,12,5302016,
177,"Trover"," ","text.ini",7,12,5302024,
178,"Delpus"," ","text.ini",7,12,5302040,
179,"Godrup"," ","text.ini",7,12,5302048,
180,"Gearot"," ","text.ini",7,12,5302084,
181,"Zearot"," ","text.ini",7,12,5302124,
182,"Dalles"," ","text.ini",7,12,5302212,
183,"Larsen"," ","text.ini",7,12,5306004,
184,"Sheila"," ","text.ini",7,12,5306020,
185,"Marina"," ","text.ini",7,12,5306052,
186,"Carson"," ","text.ini",7,12,5306264,
187,"Flonne"," ","text.ini",7,12,5306304,
188,"Roodle"," ","text.ini",7,12,5306312,
189,"Brooce"," ","text.ini",7,12,5306340,
190,"Prooto"," ","text.ini",7,12,5306348,
191,"Rooroo"," ","text.ini",7,12,5306368,
192,"Droozy"," ","text.ini",7,12,5306392,
193,"Paulie"," ","text.ini",7,12,5306480,
194,"Rimera"," ","text.ini",7,12,5306552,
195,"Rascal"," ","text.ini",7,12,5307048,
196,"Mascot"," ","text.ini",7,12,5309348,
197,"NORMAL"," ","text.ini",7,12,5311724,
198,"Dumdum"," ","text.ini",7,12,5313480,
199,"Glurax"," ","text.ini",7,12,5313504,
200,"Tywyro"," ","text.ini",7,12,5313544,
201,"Orzers"," ","text.ini",7,12,5313560,
202,"Junjun"," ","text.ini",7,12,5313576,
203,"Texmex"," ","text.ini",7,12,5313600,
204,"Uuuuur"," ","text.ini",7,12,5313700,
205,"Lukduk"," ","text.ini",7,12,5313708,
206,"Allair"," ","text.ini",7,12,5313764,
207,"Sogara"," ","text.ini",7,12,5313824,
208,"Sheeho"," ","text.ini",7,12,5313844,
209,"Pootis"," ","text.ini",7,12,5313956,
210,"Yuriel"," ","text.ini",7,12,5313996,
211,"Fizban"," ","text.ini",7,12,5314048,
212,"Merlan"," ","text.ini",7,12,5314056,
213,"Zifnab"," ","text.ini",7,12,5314072,
214,"Bagtie"," ","text.ini",7,12,5314104,
215,"Dealio"," ","text.ini",7,12,5314128,
216,"Tellah"," ","text.ini",7,12,5314136,
217,"Strago"," ","text.ini",7,12,5314144,
218,"Fearme"," ","text.ini",7,12,5314216,
219,"Fixins"," ","text.ini",7,12,5314456,
220,"Potato"," ","text.ini",7,12,5314572,
221,"Eevool"," ","text.ini",7,12,5314812,
222,"Preeci"," ","text.ini",7,12,5314820,
223,"Velara"," ","text.ini",7,12,5314880,
224,"Neebri"," ","text.ini",7,12,5314960,
225,"Fawani"," ","text.ini",7,12,5314988,
226,"Keleka"," ","text.ini",7,12,5315008,
227,"Etoile"," ","text.ini",7,12,5315016,
228,"Bonnet"," ","text.ini",7,12,5315024,
229,"Chiaka"," ","text.ini",7,12,5315040,
230,"Chubby"," ","text.ini",7,12,5315268,
231,"Skinny"," ","text.ini",7,12,5315276,
232,"Ornery"," ","text.ini",7,12,5315496,
233,"Sinewy"," ","text.ini",7,12,5315540,
234,"Demure"," ","text.ini",7,12,5315548,
235,"Wicked"," ","text.ini",7,12,5316092,
236,"Nitwit"," ","text.ini",7,12,5316236,
237,"Classy"," ","text.ini",7,12,5316472,
238,"Daring"," ","text.ini",7,12,5316516,
239,"Feudal"," ","text.ini",7,12,5316724,
240,"Albino"," ","text.ini",7,12,5316732,
241,"Stormy"," ","text.ini",7,12,5316868,
242,"Sinner"," ","text.ini",7,12,5317228,
243,"Drippy"," ","text.ini",7,12,5317704,
244,"Cancel"," ","text.ini",7,12,5330320,
245,"Custom"," ","text.ini",7,12,5330376,
246,"OPTION"," ","text.ini",7,12,5332208,
247,"Tuesday"," ","text.ini",8,12,5162296,
248,"January"," ","text.ini",8,12,5162396,
249,"October"," ","text.ini",8,12,5162468,
250,"Mattock"," ","text.ini",8,12,5301416,
251,"Chicken"," ","text.ini",8,12,5301732,
252,"Godaago"," ","text.ini",8,12,5301740,
253,"Gnometh"," ","text.ini",8,12,5301760,
254,"Ripplet"," ","text.ini",8,12,5301780,
255,"Zolgell"," ","text.ini",8,12,5301788,
256,"K'nocks"," ","text.ini",8,12,5301820,
257,"Gercard"," ","text.ini",8,12,5301856,
258,"Gworter"," ","text.ini",8,12,5301864,
259,"Galgata"," ","text.ini",8,12,5301872,
260,"Scollun"," ","text.ini",8,12,5301900,
261,"Ashveil"," ","text.ini",8,12,5301952,
262,"Magnute"," ","text.ini",8,12,5301960,
263,"Nashzar"," ","text.ini",8,12,5301968,
264,"Nustarl"," ","text.ini",8,12,5301984,
265,"Allomod"," ","text.ini",8,12,5302032,
266,"Ceabith"," ","text.ini",8,12,5302116,
267,"Druegar"," ","text.ini",8,12,5302188,
268,"Gelaldy"," ","text.ini",8,12,5302196,
269,"Natasha"," ","text.ini",8,12,5305932,
270,"Lucille"," ","text.ini",8,12,5306104,
271,"Saffron"," ","text.ini",8,12,5306172,
272,"Natalie"," ","text.ini",8,12,5306204,
273,"Chelnie"," ","text.ini",8,12,5306236,
274,"Roo-kie"," ","text.ini",8,12,5306376,
275,"Display"," ","text.ini",8,12,5309292,
276,"Esteria"," ","text.ini",8,12,5311488,
277,"Opening"," ","text.ini",8,12,5311504,
278,"Bloober"," ","text.ini",8,12,5313488,
279,"Vazumba"," ","text.ini",8,12,5313496,
280,"Kloklok"," ","text.ini",8,12,5313552,
281,"Alfadaz"," ","text.ini",8,12,5313608,
282,"Kibbles"," ","text.ini",8,12,5313668,
283,"Pickles"," ","text.ini",8,12,5313684,
284,"Poytomo"," ","text.ini",8,12,5313692,
285,"Jaytaro"," ","text.ini",8,12,5313740,
286,"Nakasma"," ","text.ini",8,12,5313816,
287,"Fortuna"," ","text.ini",8,12,5313864,
288,"Juniper"," ","text.ini",8,12,5313884,
289,"Goondox"," ","text.ini",8,12,5313904,
290,"Oedipus"," ","text.ini",8,12,5313924,
291,"Douglas"," ","text.ini",8,12,5313932,
292,"Meltain"," ","text.ini",8,12,5313976,
293,"Peltoot"," ","text.ini",8,12,5314016,
294,"Amazemo"," ","text.ini",8,12,5314264,
295,"Maltarr"," ","text.ini",8,12,5314272,
296,"Johnnie"," ","text.ini",8,12,5314368,
297,"Cryhard"," ","text.ini",8,12,5314464,
298,"Poolboy"," ","text.ini",8,12,5314484,
299,"Oldsnot"," ","text.ini",8,12,5314612,
300,"Sherbet"," ","text.ini",8,12,5314620,
301,"Creepia"," ","text.ini",8,12,5314944,
302,"Adolina"," ","text.ini",8,12,5315032,
303,"Meridia"," ","text.ini",8,12,5315048,
304,"Bassoon"," ","text.ini",8,12,5315064,
305,"Bloated"," ","text.ini",8,12,5315260,
306,"Scrawny"," ","text.ini",8,12,5315304,
307,"Miserly"," ","text.ini",8,12,5315748,
308,"Languid"," ","text.ini",8,12,5315756,
309,"Squeaky"," ","text.ini",8,12,5315808,
310,"Wailing"," ","text.ini",8,12,5315840,
311,"Drunken"," ","text.ini",8,12,5315900,
312,"Hellish"," ","text.ini",8,12,5316064,
313,"Shadowy"," ","text.ini",8,12,5316100,
314,"Chaotic"," ","text.ini",8,12,5316108,
315,"Brutish"," ","text.ini",8,12,5316196,
316,"Inhuman"," ","text.ini",8,12,5316204,
317,"Ghastly"," ","text.ini",8,12,5316256,
318,"Undying"," ","text.ini",8,12,5316276,
319,"Blazing"," ","text.ini",8,12,5316396,
320,"Ruinous"," ","text.ini",8,12,5316548,
321,"Naughty"," ","text.ini",8,12,5316580,
322,"Devoted"," ","text.ini",8,12,5316588,
323,"Unshorn"," ","text.ini",8,12,5316876,
324,"Lunatic"," ","text.ini",8,12,5317028,
325,"Eeeevil"," ","text.ini",8,12,5317308,
326,"Unlucky"," ","text.ini",8,12,5317528,
327,"Deathly"," ","text.ini",8,12,5317684,
328,"Crumbly"," ","text.ini",8,12,5317876,
329,"Artwork"," ","text.ini",8,12,5329964,
330,"Classic"," ","text.ini",8,12,5330132,
331,"Compact"," ","text.ini",8,12,5330208,
332,"Thursday"," ","text.ini",9,12,5162316,
333,"Saturday"," ","text.ini",9,12,5162336,
334,"February"," ","text.ini",9,12,5162404,
335,"November"," ","text.ini",9,12,5162476,
336,"December"," ","text.ini",9,12,5162488,
337,"Darm It!"," ","text.ini",9,12,5196860,
338,"Iron Ore"," ","text.ini",9,12,5301172,
339,"Cruberry"," ","text.ini",9,12,5301560,
340,"Raw Meat"," ","text.ini",9,12,5301588,
341,"Meat Pie"," ","text.ini",9,12,5301628,
342,"Cauction"," ","text.ini",9,12,5301748,
343,"Warrizor"," ","text.ini",9,12,5301768,
344,"El Endes"," ","text.ini",9,12,5301992,
345,"Forkless"," ","text.ini",9,12,5302056,
346,"Charront"," ","text.ini",9,12,5302104,
347,"Valkyria"," ","text.ini",9,12,5302132,
348,"Zavanite"," ","text.ini",9,12,5302152,
349,"Tyalmath"," ","text.ini",9,12,5302164,
350,"Caesaria"," ","text.ini",9,12,5306068,
351,"Tallyroo"," ","text.ini",9,12,5306328,
352,"Touroose"," ","text.ini",9,12,5306356,
353,"Settings"," ","text.ini",9,12,5309256,
354,"Movement"," ","text.ini",9,12,5309320,
355,"Rootmoog"," ","text.ini",9,12,5313728,
356,"Chavesse"," ","text.ini",9,12,5313780,
357,"Nomigura"," ","text.ini",9,12,5313792,
358,"Kayberry"," ","text.ini",9,12,5313804,
359,"Maryland"," ","text.ini",9,12,5313852,
360,"Chaarles"," ","text.ini",9,12,5313872,
361,"Ophelius"," ","text.ini",9,12,5313892,
362,"Francois"," ","text.ini",9,12,5313964,
363,"Alakazed"," ","text.ini",9,12,5314024,
364,"Skeletro"," ","text.ini",9,12,5314092,
365,"Melchior"," ","text.ini",9,12,5314164,
366,"Fantasmo"," ","text.ini",9,12,5314176,
367,"Khlatoon"," ","text.ini",9,12,5314292,
368,"Gibblets"," ","text.ini",9,12,5314316,
369,"Gollygee"," ","text.ini",9,12,5314424,
370,"Ipswitch"," ","text.ini",9,12,5314516,
371,"Clambake"," ","text.ini",9,12,5314540,
372,"Vartwind"," ","text.ini",9,12,5314592,
373,"Creatora"," ","text.ini",9,12,5314828,
374,"Svetlana"," ","text.ini",9,12,5314840,
375,"Poiltana"," ","text.ini",9,12,5314852,
376,"Drilliad"," ","text.ini",9,12,5314892,
377,"Valorous"," ","text.ini",9,12,5315484,
378,"Fugitive"," ","text.ini",9,12,5315648,
379,"Homebody"," ","text.ini",9,12,5315764,
380,"Cowardly"," ","text.ini",9,12,5315816,
381,"Reckless"," ","text.ini",9,12,5315924,
382,"Glorious"," ","text.ini",9,12,5316072,
383,"Batterer"," ","text.ini",9,12,5316224,
384,"Accursed"," ","text.ini",9,12,5316284,
385,"Evildoer"," ","text.ini",9,12,5316404,
386,"Resolute"," ","text.ini",9,12,5316480,
387,"Militant"," ","text.ini",9,12,5316492,
388,"Pursuant"," ","text.ini",9,12,5316536,
389,"Prodigal"," ","text.ini",9,12,5316556,
390,"Exultant"," ","text.ini",9,12,5316632,
391,"Knightly"," ","text.ini",9,12,5316644,
392,"Lukewarm"," ","text.ini",9,12,5316780,
393,"Kamikaze"," ","text.ini",9,12,5316964,
394,"Feverish"," ","text.ini",9,12,5317016,
395,"Unstable"," ","text.ini",9,12,5317076,
396,"Hooligan"," ","text.ini",9,12,5317588,
397,"Departed"," ","text.ini",9,12,5317692,
398,"Gourmand"," ","text.ini",9,12,5317744,
399,"Sleep-in"," ","text.ini",9,12,5317756,
400,"Roadside"," ","text.ini",9,12,5317808,
401,"Scraggly"," ","text.ini",9,12,5317928,
402,"Hardened"," ","text.ini",9,12,5317940,
403,"Diligent"," ","text.ini",9,12,5318060,
404,"Pleasant"," ","text.ini",9,12,5318072,
405,"Bad News"," ","text.ini",9,12,5318200,
406,"Complete"," ","text.ini",9,12,5330120,
407,"Standard"," ","text.ini",9,12,5330140,
408,"Bilinear"," ","text.ini",9,12,5330152,
409,"BGM Type"," ","text.ini",9,12,5330240,
410,"NEW GAME"," ","text.ini",9,12,5332216,
411,"Wednesday"," ","text.ini",10,12,5162304,
412,"September"," ","text.ini",10,12,5162456,
413,"Hawk Idol"," ","text.ini",10,12,5301012,
414,"Evil Bell"," ","text.ini",10,12,5301316,
415,"Roda Leaf"," ","text.ini",10,12,5301476,
416,"Orihalcus"," ","text.ini",10,12,5301836,
417,"Xelbenoth"," ","text.ini",10,12,5301924,
418,"Malochius"," ","text.ini",10,12,5302004,
419,"Rewillvan"," ","text.ini",10,12,5302092,
420,"Level up!"," ","text.ini",10,12,5307132,
421,"NIGHTMARE"," ","text.ini",10,12,5311732,
422,"Blomkvist"," ","text.ini",10,12,5313632,
423,"Oogamaloo"," ","text.ini",10,12,5313644,
424,"Challiers"," ","text.ini",10,12,5313748,
425,"Ellipscus"," ","text.ini",10,12,5313832,
426,"Pironesia"," ","text.ini",10,12,5314004,
427,"Salacious"," ","text.ini",10,12,5314080,
428,"Rincewind"," ","text.ini",10,12,5314196,
429,"Mussoltus"," ","text.ini",10,12,5314244,
430,"September"," ","text.ini",10,12,5314280,
431,"Jellytoes"," ","text.ini",10,12,5314304,
432,"Meatables"," ","text.ini",10,12,5314340,
433,"Jigglywoo"," ","text.ini",10,12,5314412,
434,"Lintbelly"," ","text.ini",10,12,5314444,
435,"Dichotoma"," ","text.ini",10,12,5314920,
436,"Snowflake"," ","text.ini",10,12,5314996,
437,"Injurious"," ","text.ini",10,12,5315328,
438,"Dimwitted"," ","text.ini",10,12,5315404,
439,"Odiferous"," ","text.ini",10,12,5315416,
440,"Truculent"," ","text.ini",10,12,5315516,
441,"Go-getter"," ","text.ini",10,12,5315672,
442,"Night-owl"," ","text.ini",10,12,5315684,
443,"Sweetypie"," ","text.ini",10,12,5315724,
444,"Wheedling"," ","text.ini",10,12,5315848,
445,"Wholesome"," ","text.ini",10,12,5315888,
446,"Tottering"," ","text.ini",10,12,5315936,
447,"Dishonest"," ","text.ini",10,12,5315980,
448,"Nefarious"," ","text.ini",10,12,5315992,
449,"Malicious"," ","text.ini",10,12,5316128,
450,"Resentful"," ","text.ini",10,12,5316344,
451,"Heartless"," ","text.ini",10,12,5316416,
452,"Libertine"," ","text.ini",10,12,5316524,
453,"Fraternal"," ","text.ini",10,12,5316612,
454,"Good-luck"," ","text.ini",10,12,5316840,
455,"Doomsayer"," ","text.ini",10,12,5317336,
456,"Dastardly"," ","text.ini",10,12,5317408,
457,"Soon-dead"," ","text.ini",10,12,5317504,
458,"Tomb King"," ","text.ini",10,12,5317576,
459,"Sun-dried"," ","text.ini",10,12,5317656,
460,"Flowerpot"," ","text.ini",10,12,5317852,
461,"Murderous"," ","text.ini",10,12,5318084,
462,"Clockwork"," ","text.ini",10,12,5318188,
463,"Filtering"," ","text.ini",10,12,5329972,
464,"Quit Game"," ","text.ini",10,12,5329984,
465,"Trilinear"," ","text.ini",10,12,5330164,
466,"Mascot: Ed"," ","text.ini",11,12,5298492,
467,"Long Sword"," ","text.ini",11,12,5300676,
468,"Chain Mail"," ","text.ini",11,12,5300812,
469,"Plate Mail"," ","text.ini",11,12,5300840,
470,"Fire Magic"," ","text.ini",11,12,5300892,
471,"Time Magic"," ","text.ini",11,12,5300960,
472,"Shrine Key"," ","text.ini",11,12,5301200,
473,"Lila Shell"," ","text.ini",11,12,5301272,
474,"Sacred Cup"," ","text.ini",11,12,5301392,
475,"Roda Fruit"," ","text.ini",11,12,5301548,
476,"Red Pepper"," ","text.ini",11,12,5301640,
477,"Preliguard"," ","text.ini",11,12,5301880,
478,"Velagunder"," ","text.ini",11,12,5302176,
479,"Jeba Tovah"," ","text.ini",11,12,5305740,
480,"Luta Gemma"," ","text.ini",11,12,5305752,
481,"Flair Rall"," ","text.ini",11,12,5305920,
482,"Masontorch"," ","text.ini",11,12,5306128,
483,"Roos' Nest"," ","text.ini",11,12,5310616,
484,"Guardhouse"," ","text.ini",11,12,5311332,
485,"Ribnibbler"," ","text.ini",11,12,5313656,
486,"Rootbarrel"," ","text.ini",11,12,5313912,
487,"Jackadaisy"," ","text.ini",11,12,5313984,
488,"Abracadave"," ","text.ini",11,12,5314036,
489,"Plocksweat"," ","text.ini",11,12,5314328,
490,"Firekicker"," ","text.ini",11,12,5314528,
491,"Swimmyface"," ","text.ini",11,12,5314560,
492,"Clipstache"," ","text.ini",11,12,5314580,
493,"Meliodrami"," ","text.ini",11,12,5314932,
494,"Gaytkeepah"," ","text.ini",11,12,5315096,
495,"Crocodiley"," ","text.ini",11,12,5315292,
496,"Despicable"," ","text.ini",11,12,5315456,
497,"Stupendous"," ","text.ini",11,12,5315504,
498,"Sleepyhead"," ","text.ini",11,12,5315660,
499,"Swaggering"," ","text.ini",11,12,5315712,
500,"Terrifying"," ","text.ini",11,12,5316140,
501,"Buffoonish"," ","text.ini",11,12,5316152,
502,"Undefeated"," ","text.ini",11,12,5316264,
503,"Bewitching"," ","text.ini",11,12,5316356,
504,"Avaricious"," ","text.ini",11,12,5316384,
505,"Gelatinous"," ","text.ini",11,12,5316884,
506,"Stargazing"," ","text.ini",11,12,5317036,
507,"Blasphemer"," ","text.ini",11,12,5317176,
508,"Unkillable"," ","text.ini",11,12,5317516,
509,"Dead Dandy"," ","text.ini",11,12,5317600,
510,"Vegetarian"," ","text.ini",11,12,5317732,
511,"Chattering"," ","text.ini",11,12,5317916,
512,"Traitorous"," ","text.ini",11,12,5318048,
513,"Orangework"," ","text.ini",11,12,5318232,
514,"Frame Type"," ","text.ini",11,12,5330044,
515,"Chronicles"," ","text.ini",11,12,5330176,
516,"No Display"," ","text.ini",11,12,5330196,
517,"360 Degree"," ","text.ini",11,12,5330416,
518,"Reposition"," ","text.ini",11,12,5330656,
519,"Mascot: Roo"," ","text.ini",12,12,5298448,
520,"Mascot: Rex"," ","text.ini",12,12,5298748,
521,"Short Sword"," ","text.ini",12,12,5300656,
522,"Iron Shield"," ","text.ini",12,12,5300800,
523,"Light Magic"," ","text.ini",12,12,5300936,
524,"Alter Magic"," ","text.ini",12,12,5300948,
525,"Spirit Cape"," ","text.ini",12,12,5300972,
526,"Falcon Idol"," ","text.ini",12,12,5301000,
527,"Cleria Ring"," ","text.ini",12,12,5301040,
528,"Volume Mesa"," ","text.ini",12,12,5301132,
529,"Volume Fact"," ","text.ini",12,12,5301160,
530,"Black Pearl"," ","text.ini",12,12,5301404,
531,"Stone Shoes"," ","text.ini",12,12,5301488,
532,"Smoked Meat"," ","text.ini",12,12,5301600,
533,"Priest Mesa"," ","text.ini",12,12,5305812,
534,"Priest Fact"," ","text.ini",12,12,5305840,
535,"Leonor Rall"," ","text.ini",12,12,5305884,
536,"Where am I?"," ","text.ini",12,12,5310852,
537,"Now loading"," ","text.ini",12,12,5310900,
538,"Rex's House"," ","text.ini",12,12,5311256,
539,"Cloaksworth"," ","text.ini",12,12,5314232,
540,"Globberfoot"," ","text.ini",12,12,5314376,
541,"Healthshake"," ","text.ini",12,12,5314472,
542,"Wilwilliana"," ","text.ini",12,12,5314968,
543,"Eightkeepah"," ","text.ini",12,12,5315196,
544,"Inquisitive"," ","text.ini",12,12,5315444,
545,"Hot-blooded"," ","text.ini",12,12,5315528,
546,"Short-fused"," ","text.ini",12,12,5315572,
547,"Egomaniacal"," ","text.ini",12,12,5315636,
548,"Super-sulky"," ","text.ini",12,12,5315736,
549,"Far-sighted"," ","text.ini",12,12,5315796,
550,"Deep-voiced"," ","text.ini",12,12,5315828,
551,"Germophobic"," ","text.ini",12,12,5315876,
552,"Skull Power"," ","text.ini",12,12,5316116,
553,"Belligerent"," ","text.ini",12,12,5316212,
554,"Open-minded"," ","text.ini",12,12,5316244,
555,"Unpromising"," ","text.ini",12,12,5316460,
556,"Annihilator"," ","text.ini",12,12,5316504,
557,"Slaughterer"," ","text.ini",12,12,5316568,
558,"Big-hearted"," ","text.ini",12,12,5316656,
559,"Rule-dodger"," ","text.ini",12,12,5316668,
560,"Experienced"," ","text.ini",12,12,5316680,
561,"Abscondable"," ","text.ini",12,12,5317048,
562,"Nightmarish"," ","text.ini",12,12,5317236,
563,"Bloodpriest"," ","text.ini",12,12,5317296,
564,"Confounding"," ","text.ini",12,12,5317348,
565,"Foul-minded"," ","text.ini",12,12,5317436,
566,"Silhouetted"," ","text.ini",12,12,5317448,
567,"Silly-willy"," ","text.ini",12,12,5317460,
568,"Once-lovely"," ","text.ini",12,12,5317628,
569,"Half-busted"," ","text.ini",12,12,5317864,
570,"Hunka Hunka"," ","text.ini",12,12,5317952,
571,"Grim Reaper"," ","text.ini",12,12,5317996,
572,"Love Jester"," ","text.ini",12,12,5318096,
573,"Love Hunter"," ","text.ini",12,12,5318144,
574,"EXP Display"," ","text.ini",12,12,5330032,
575,"TIME ATTACK"," ","text.ini",12,12,5332196,
576,"Mascot: Nash"," ","text.ini",13,12,5295496,
577,"Mascot: Muto"," ","text.ini",13,12,5295512,
578,"Mascot: Faye"," ","text.ini",13,12,5295528,
579,"Mascot: Gene"," ","text.ini",13,12,5295932,
580,"Mascot: Dogi"," ","text.ini",13,12,5296624,
581,"In Situ Tarf"," ","text.ini",13,12,5297380,
582,"Safety Charm"," ","text.ini",13,12,5297396,
583,"Health Charm"," ","text.ini",13,12,5297440,
584,"Mascot: Colt"," ","text.ini",13,12,5297860,
585,"Mascot: Tita"," ","text.ini",13,12,5297876,
586,"Mascot: Andy"," ","text.ini",13,12,5297892,
587,"Mascot: Beth"," ","text.ini",13,12,5298008,
588,"Mascot: Jade"," ","text.ini",13,12,5298136,
589,"Mascot: Gila"," ","text.ini",13,12,5298168,
590,"Mascot: Noit"," ","text.ini",13,12,5298184,
591,"Mascot: Neal"," ","text.ini",13,12,5298200,
592,"Mascot: Kris"," ","text.ini",13,12,5298304,
593,"Mascot: Elle"," ","text.ini",13,12,5298336,
594,"Mascot: Ruba"," ","text.ini",13,12,5298352,
595,"Mascot: Regg"," ","text.ini",13,12,5298400,
596,"Mascot: Sada"," ","text.ini",13,12,5298432,
597,"Mascot: Kyle"," ","text.ini",13,12,5298460,
598,"Mascot: Tarf"," ","text.ini",13,12,5298536,
599,"Mascot: Reah"," ","text.ini",13,12,5298668,
600,"Mascot: Fred"," ","text.ini",13,12,5298684,
601,"Mascot: Rafa"," ","text.ini",13,12,5298732,
602,"Mascot: Kate"," ","text.ini",13,12,5298812,
603,"Mascot: Jill"," ","text.ini",13,12,5298844,
604,"Mascot: Frau"," ","text.ini",13,12,5298876,
605,"Mascot: Tess"," ","text.ini",13,12,5298956,
606,"Mascot: Tran"," ","text.ini",13,12,5298972,
607,"Mascot: Lucy"," ","text.ini",13,12,5298988,
608,"Mascot: Theo"," ","text.ini",13,12,5299004,
609,"Mascot: Esca"," ","text.ini",13,12,5299020,
610,"Mascot: Polo"," ","text.ini",13,12,5299036,
611,"Battle Sword"," ","text.ini",13,12,5300688,
612,"Hyper Cutter"," ","text.ini",13,12,5300704,
613,"Cleria Sword"," ","text.ini",13,12,5300736,
614,"Large Shield"," ","text.ini",13,12,5300752,
615,"Small Shield"," ","text.ini",13,12,5300768,
616,"Breast Plate"," ","text.ini",13,12,5300852,
617,"Battle Armor"," ","text.ini",13,12,5300868,
618,"Cleria Armor"," ","text.ini",13,12,5300904,
619,"Return Magic"," ","text.ini",13,12,5300920,
620,"Shield Magic"," ","text.ini",13,12,5300984,
621,"Ring of Ease"," ","text.ini",13,12,5301024,
622,"Volume Hadal"," ","text.ini",13,12,5301052,
623,"Goddess Ring"," ","text.ini",13,12,5301068,
624,"Volume Tovah"," ","text.ini",13,12,5301100,
625,"Volume Gemma"," ","text.ini",13,12,5301116,
626,"Gold Pendant"," ","text.ini",13,12,5301284,
627,"Marle Flower"," ","text.ini",13,12,5301532,
628,"Cruberry Pie"," ","text.ini",13,12,5301612,
629,"Dyphthelloid"," ","text.ini",13,12,5302068,
630,"Priest Tovah"," ","text.ini",13,12,5305796,
631,"Priest Hadal"," ","text.ini",13,12,5305824,
632,"Priest Gemma"," ","text.ini",13,12,5305852,
633,"Nurse Sarina"," ","text.ini",13,12,5305904,
634,"Shield burst"," ","text.ini",13,12,5310200,
635,"Gila's House"," ","text.ini",13,12,5310912,
636,"Pigeon House"," ","text.ini",13,12,5311028,
637,"Tomb of Mesa"," ","text.ini",13,12,5311112,
638,"Tomb of Fact"," ","text.ini",13,12,5311144,
639,"Tarf's House"," ","text.ini",13,12,5311176,
640,"Noit's House"," ","text.ini",13,12,5311208,
641,"Fred's House"," ","text.ini",13,12,5311224,
642,"Ancient Well"," ","text.ini",13,12,5311268,
643,"Regg's House"," ","text.ini",13,12,5311284,
644,"Chuckachucka"," ","text.ini",13,12,5313616,
645,"Bellablaster"," ","text.ini",13,12,5314352,
646,"Maintenancio"," ","text.ini",13,12,5314388,
647,"Ittyknuckles"," ","text.ini",13,12,5314500,
648,"Moo-munchin'"," ","text.ini",13,12,5315340,
649,"Crop-ruinin'"," ","text.ini",13,12,5315356,
650,"Cold-blooded"," ","text.ini",13,12,5315556,
651,"Night-walker"," ","text.ini",13,12,5315696,
652,"Karaoke Lord"," ","text.ini",13,12,5315860,
653,"Convalescent"," ","text.ini",13,12,5315908,
654,"Lion-in-wait"," ","text.ini",13,12,5316028,
655,"Ready-to-die"," ","text.ini",13,12,5316296,
656,"Vainglorious"," ","text.ini",13,12,5316312,
657,"Reminderator"," ","text.ini",13,12,5316692,
658,"Bloodstained"," ","text.ini",13,12,5316792,
659,"Unscrupulous"," ","text.ini",13,12,5316808,
660,"Underworlder"," ","text.ini",13,12,5317264,
661,"Fallen Angel"," ","text.ini",13,12,5317280,
662,"Witch Doctor"," ","text.ini",13,12,5317360,
663,"Dang-blasted"," ","text.ini",13,12,5317376,
664,"Blackhearted"," ","text.ini",13,12,5317420,
665,"Thick-headed"," ","text.ini",13,12,5317472,
666,"Soggy Sailor"," ","text.ini",13,12,5317488,
667,"Cricket-nest"," ","text.ini",13,12,5317820,
668,"Falling-down"," ","text.ini",13,12,5317900,
669,"LavaBkServer"," ","text.ini",13,12,5321600,
670,"Adol Visible"," ","text.ini",13,12,5330056,
671,"Artwork Type"," ","text.ini",13,12,5330080,
672,"Bill the Duck"," ","text.ini",14,12,5196932,
673,"Mascot: Darie"," ","text.ini",14,12,5295480,
674,"Mascot: Tolpi"," ","text.ini",14,12,5295680,
675,"Mascot: Carly"," ","text.ini",14,12,5295728,
676,"Mascot: Neeli"," ","text.ini",14,12,5295764,
677,"Mascot: Swoff"," ","text.ini",14,12,5295844,
678,"Mascot: Topus"," ","text.ini",14,12,5295948,
679,"Mascot: Dirga"," ","text.ini",14,12,5295964,
680,"Success Charm"," ","text.ini",14,12,5297424,
681,"I Heart Zalem"," ","text.ini",14,12,5297688,
682,"Swooned Feena"," ","text.ini",14,12,5297752,
683,"Mascot: Brody"," ","text.ini",14,12,5297908,
684,"Mascot: Oseam"," ","text.ini",14,12,5297992,
685,"Mascot: Bohtz"," ","text.ini",14,12,5298040,
686,"Mascot: Lazlo"," ","text.ini",14,12,5298120,
687,"Mascot: Guido"," ","text.ini",14,12,5298152,
688,"Mascot: Banoa"," ","text.ini",14,12,5298240,
689,"Mascot: Astal"," ","text.ini",14,12,5298272,
690,"Mascot: Leggs"," ","text.ini",14,12,5298288,
691,"Mascot: Ceres"," ","text.ini",14,12,5298320,
692,"Mascot: Karen"," ","text.ini",14,12,5298368,
693,"Mascot: Hadat"," ","text.ini",14,12,5298384,
694,"Mascot: Zalem"," ","text.ini",14,12,5298416,
695,"Mascot: Boris"," ","text.ini",14,12,5298476,
696,"Mascot: Favre"," ","text.ini",14,12,5298504,
697,"Mascot: Lilia"," ","text.ini",14,12,5298520,
698,"Mascot: Gorto"," ","text.ini",14,12,5298552,
699,"Mascot: Keith"," ","text.ini",14,12,5298568,
700,"Mascot: Maria"," ","text.ini",14,12,5298584,
701,"Mascot: Goban"," ","text.ini",14,12,5298620,
702,"Mascot: Meryl"," ","text.ini",14,12,5298636,
703,"Mascot: Feena"," ","text.ini",14,12,5298652,
704,"Mascot: Frith"," ","text.ini",14,12,5298828,
705,"Mascot: Reise"," ","text.ini",14,12,5298860,
706,"Mascot: Lloyd"," ","text.ini",14,12,5298892,
707,"Mascot: Blitz"," ","text.ini",14,12,5298908,
708,"Mascot: Tanya"," ","text.ini",14,12,5298940,
709,"Mascot: Ischt"," ","text.ini",14,12,5299052,
710,"Mascot: Kasim"," ","text.ini",14,12,5299068,
711,"Wooden Shield"," ","text.ini",14,12,5300720,
712,"Battle Shield"," ","text.ini",14,12,5300784,
713,"Cleria Shield"," ","text.ini",14,12,5300824,
714,"Volume Dabbie"," ","text.ini",14,12,5301084,
715,"Blizzard Bulb"," ","text.ini",14,12,5301212,
716,"Floodgate Key"," ","text.ini",14,12,5301248,
717,"Dreaming Idol"," ","text.ini",14,12,5301424,
718,"Priest Dabbie"," ","text.ini",14,12,5305780,
719,"Elder Cornell"," ","text.ini",14,12,5305940,
720,"Lilia's House"," ","text.ini",14,12,5309332,
721,"Hadat's House"," ","text.ini",14,12,5309388,
722,"Lance Village"," ","text.ini",14,12,5310884,
723,"Bohtz's House"," ","text.ini",14,12,5310948,
724,"Lazlo's House"," ","text.ini",14,12,5310964,
725,"Astal's House"," ","text.ini",14,12,5310980,
726,"Brody's House"," ","text.ini",14,12,5310996,
727,"Tomb of Tovah"," ","text.ini",14,12,5311080,
728,"Tomb of Hadal"," ","text.ini",14,12,5311096,
729,"Tomb of Gemma"," ","text.ini",14,12,5311160,
730,"Ramia Village"," ","text.ini",14,12,5311240,
731,"Maria's House"," ","text.ini",14,12,5311300,
732,"Blitz's House"," ","text.ini",14,12,5311344,
733,"Gorto's House"," ","text.ini",14,12,5311376,
734,"Veggie-lovin'"," ","text.ini",14,12,5315312,
735,"Puppy-scented"," ","text.ini",14,12,5315372,
736,"Grave-robbin'"," ","text.ini",14,12,5315388,
737,"Hyper-kinetic"," ","text.ini",14,12,5315584,
738,"Swim Champion"," ","text.ini",14,12,5315620,
739,"Self-centered"," ","text.ini",14,12,5315948,
740,"Family-minded"," ","text.ini",14,12,5316012,
741,"Death-dealing"," ","text.ini",14,12,5316180,
742,"Directionless"," ","text.ini",14,12,5316368,
743,"King-crushing"," ","text.ini",14,12,5316428,
744,"Supreme Ruler"," ","text.ini",14,12,5317060,
745,"Chaos-bringer"," ","text.ini",14,12,5317212,
746,"Dark Disciple"," ","text.ini",14,12,5317248,
747,"Once-gorgeous"," ","text.ini",14,12,5317640,
748,"Once-handsome"," ","text.ini",14,12,5317668,
749,"Cartilaginian"," ","text.ini",14,12,5317768,
750,"Badoom Badoom"," ","text.ini",14,12,5317884,
751,"Ruinous Angel"," ","text.ini",14,12,5317980,
752,"Murderomatron"," ","text.ini",14,12,5318128,
753,"Untrustworthy"," ","text.ini",14,12,5318156,
754,"Psycho-puppet"," ","text.ini",14,12,5318172,
755,"Hungry Hungry"," ","text.ini",14,12,5318248,
756,"Diary MemSave"," ","text.ini",14,12,5318864,
757,"SkiLoadObject"," ","text.ini",14,12,5329616,
758,"Img:TitleWork"," ","text.ini",14,12,5329632,
759,"Blood Effects"," ","text.ini",14,12,5330016,
760,"Monster Stats"," ","text.ini",14,12,5330096,
761,"To Next Level"," ","text.ini",14,12,5330216,
762,"8-Directional"," ","text.ini",14,12,5330400,
763,"Select Mascot"," ","text.ini",14,12,5330640,
764,"Mascot: Rimera"," ","text.ini",15,12,5295544,
765,"Mascot: Chrace"," ","text.ini",15,12,5295560,
766,"Mascot: Puroid"," ","text.ini",15,12,5295696,
767,"Mascot: Eggnid"," ","text.ini",15,12,5295796,
768,"Mascot: Onuman"," ","text.ini",15,12,5295880,
769,"Mascot: Baocar"," ","text.ini",15,12,5296012,
770,"Mascot: Bearot"," ","text.ini",15,12,5296080,
771,"Mascot: Trover"," ","text.ini",15,12,5296132,
772,"Mascot: Godrup"," ","text.ini",15,12,5296148,
773,"Mascot: Delpus"," ","text.ini",15,12,5296164,
774,"Mascot: Gearot"," ","text.ini",15,12,5296268,
775,"Mascot: Zearot"," ","text.ini",15,12,5296340,
776,"Tasty Rodentia"," ","text.ini",15,12,5297736,
777,"Priestess Reah"," ","text.ini",15,12,5297784,
778,"Mascot: Larsen"," ","text.ini",15,12,5297944,
779,"Mascot: Marina"," ","text.ini",15,12,5297960,
780,"Mascot: Carson"," ","text.ini",15,12,5298700,
781,"Mascot: Sheila"," ","text.ini",15,12,5298776,
782,"Mascot: Paulie"," ","text.ini",15,12,5298924,
783,"Mascot: Flonne"," ","text.ini",15,12,5299084,
784,"Ancient Tablet"," ","text.ini",15,12,5301144,
785,"Silver Pendant"," ","text.ini",15,12,5301300,
786,"Banoa's Letter"," ","text.ini",15,12,5301460,
787,"Celceta Flower"," ","text.ini",15,12,5301572,
788,"Guido's Armory"," ","text.ini",15,12,5309372,
789,"Rasteenie Mine"," ","text.ini",15,12,5310520,
790,"Tomb of Dabbie"," ","text.ini",15,12,5311128,
791,"Colony of Lava"," ","text.ini",15,12,5311192,
792,"Deserted House"," ","text.ini",15,12,5311316,
793,"Gaytkeepah Jr."," ","text.ini",15,12,5315080,
794,"Gaytkeepah 007"," ","text.ini",15,12,5315208,
795,"Unprofessional"," ","text.ini",15,12,5315964,
796,"Murder-machine"," ","text.ini",15,12,5316164,
797,"Wild and Crazy"," ","text.ini",15,12,5316328,
798,"Dearly Beloved"," ","text.ini",15,12,5316708,
799,"Foggy-bottomed"," ","text.ini",15,12,5316852,
800,"Free-the-beast"," ","text.ini",15,12,5317160,
801,"Darned-to-heck"," ","text.ini",15,12,5317392,
802,"Straight-laced"," ","text.ini",15,12,5317536,
803,"Grave-traveler"," ","text.ini",15,12,5317612,
804,"Corroded Angel"," ","text.ini",15,12,5318032,
805,"Mascot: Godaago"," ","text.ini",16,12,5295596,
806,"Mascot: Gnometh"," ","text.ini",16,12,5295632,
807,"Mascot: Zolgell"," ","text.ini",16,12,5295648,
808,"Mascot: Ripplet"," ","text.ini",16,12,5295664,
809,"Mascot: K'nocks"," ","text.ini",16,12,5295712,
810,"Mascot: Gercard"," ","text.ini",16,12,5295780,
811,"Mascot: Galgata"," ","text.ini",16,12,5295812,
812,"Mascot: Gworter"," ","text.ini",16,12,5295828,
813,"Mascot: Scollun"," ","text.ini",16,12,5295896,
814,"Mascot: Magnute"," ","text.ini",16,12,5295980,
815,"Mascot: Ashveil"," ","text.ini",16,12,5295996,
816,"Mascot: Nashzar"," ","text.ini",16,12,5296028,
817,"Mascot: Nustarl"," ","text.ini",16,12,5296064,
818,"Mascot: Allomod"," ","text.ini",16,12,5296116,
819,"Mascot: Ceabith"," ","text.ini",16,12,5296284,
820,"Troubadour Reah"," ","text.ini",16,12,5297528,
821,"Priestess Lilia"," ","text.ini",16,12,5297648,
822,"Priestess Feena"," ","text.ini",16,12,5297768,
823,"Mascot: Saffron"," ","text.ini",16,12,5297976,
824,"Mascot: Lucille"," ","text.ini",16,12,5298024,
825,"Mascot: Natasha"," ","text.ini",16,12,5298256,
826,"Mascot: Natalie"," ","text.ini",16,12,5298716,
827,"Mascot: Chelnie"," ","text.ini",16,12,5298760,
828,"Rod of Divinity"," ","text.ini",16,12,5301184,
829,"Bestiary Potion"," ","text.ini",16,12,5301652,
830,"Lv.%s Swordsman"," ","text.ini",16,12,5306972,
831,"Jade's Oddities"," ","text.ini",16,12,5309356,
832,"Gila's Basement"," ","text.ini",16,12,5311012,
833,"Moondoria Field"," ","text.ini",16,12,5311064,
834,"Shrine Entrance"," ","text.ini",16,12,5311360,
835,"Mostly Harmless"," ","text.ini",16,12,5315428,
836,"Sticky-fingered"," ","text.ini",16,12,5315468,
837,"Goddess-fearing"," ","text.ini",16,12,5316444,
838,"Career Criminal"," ","text.ini",16,12,5316596,
839,"Vicissitudinary"," ","text.ini",16,12,5316824,
840,"Hopelessly Lost"," ","text.ini",16,12,5316896,
841,"White Lightnin'"," ","text.ini",16,12,5316976,
842,"Sturm und Drang"," ","text.ini",16,12,5316992,
843,"Desperate Angel"," ","text.ini",16,12,5317964,
844,"Sleepless Angel"," ","text.ini",16,12,5318008,
845,"Normal Movement"," ","text.ini",16,12,5330328,
846,"A Legend Is Born"," ","text.ini",17,12,5196872,
847,"Personal Trainer"," ","text.ini",17,12,5197116,
848,"Mascot: Cauction"," ","text.ini",17,12,5295576,
849,"Mascot: Warrizor"," ","text.ini",17,12,5295612,
850,"Mascot: El Endes"," ","text.ini",17,12,5296044,
851,"Mascot: Forkless"," ","text.ini",17,12,5296228,
852,"Mascot: Charront"," ","text.ini",17,12,5296300,
853,"Mascot: Valkyria"," ","text.ini",17,12,5296320,
854,"Mascot: Zavanite"," ","text.ini",17,12,5296356,
855,"Mascot: Duckling"," ","text.ini",17,12,5296852,
856,"Prosperity Charm"," ","text.ini",17,12,5297468,
857,"Imprisoned Maria"," ","text.ini",17,12,5297576,
858,"Photogenic Lilia"," ","text.ini",17,12,5297596,
859,"Gussied-Up Lilia"," ","text.ini",17,12,5297616,
860,"China-Dress Reah"," ","text.ini",17,12,5297820,
861,"Mascot: Caesaria"," ","text.ini",17,12,5298792,
862,"PtlMagicBarrier1"," ","text.ini",17,12,5299376,
863,"Whisper Earrings"," ","text.ini",17,12,5301228,
864,"Silver Harmonica"," ","text.ini",17,12,5301328,
865,"Lilia's Medicine"," ","text.ini",17,12,5301440,
866,"Flonne's Garment"," ","text.ini",17,12,5301704,
867,"BackBufferHeight"," ","text.ini",17,12,5311880,
868,"Fast-as-anything"," ","text.ini",17,12,5315600,
869,"Familiar-looking"," ","text.ini",17,12,5315776,
870,"Fast and Furious"," ","text.ini",17,12,5316044,
871,"Pleasure-seeking"," ","text.ini",17,12,5316740,
872,"Break-everything"," ","text.ini",17,12,5317316,
873,"Bowel Enthusiast"," ","text.ini",17,12,5317712,
874,"Mascot: Orihalcus"," ","text.ini",18,12,5295744,
875,"Mascot: Xelbenoth"," ","text.ini",18,12,5295912,
876,"Mascot: Malochius"," ","text.ini",18,12,5296096,
877,"Mascot: Rewillvan"," ","text.ini",18,12,5296248,
878,"Mascot: Dark Fact"," ","text.ini",18,12,5296640,
879,"What will you do?"," ","text.ini",18,12,5306840,
880,"Sanctuary of Toal"," ","text.ini",18,12,5310536,
881,"Shrine, Underpass"," ","text.ini",18,12,5310628,
882,"Campanile of Lane"," ","text.ini",18,12,5310648,
883,"Shrine, West Wing"," ","text.ini",18,12,5310808,
884,"Shrine, East Wing"," ","text.ini",18,12,5310864,
885,"Elder's Residence"," ","text.ini",18,12,5310928,
886,"Runaways' Hideout"," ","text.ini",18,12,5311416,
887,"Goddesses' Palace"," ","text.ini",18,12,5311460,
888,"Reincarnated Pony"," ","text.ini",18,12,5317140,
889,"Desecrate-o-Matic"," ","text.ini",18,12,5318108,
890,"Wall Transparency"," ","text.ini",18,12,5329996,
891,"Mascot: Preliguard"," ","text.ini",19,12,5295860,
892,"Mascot: Luck Charm"," ","text.ini",19,12,5296400,
893,"Mascot: Maid Lilia"," ","text.ini",19,12,5296744,
894,"Mascot: Chun-Lilia"," ","text.ini",19,12,5296788,
895,"Mascot: Masontorch"," ","text.ini",19,12,5297924,
896,"Mascot: Flair Rall"," ","text.ini",19,12,5298100,
897,"Mascot: Luta Gemma"," ","text.ini",19,12,5298600,
898,"Scroll of Guidance"," ","text.ini",19,12,5301372,
899,"Subterranean Canal"," ","text.ini",19,12,5310596,
900,"Core of Ancient Ys"," ","text.ini",19,12,5310692,
901,"Ruins of Moondoria"," ","text.ini",19,12,5311044,
902,"Lord Gaytkeepah VI"," ","text.ini",19,12,5315156,
903,"Gaytkeepah V, P.I."," ","text.ini",19,12,5315176,
904,"Mascot: Study Charm"," ","text.ini",20,12,5296468,
905,"Mascot: Tailed Tarf"," ","text.ini",20,12,5296808,
906,"Mascot: Leonor Rall"," ","text.ini",20,12,5298080,
907,"Chelnie's Hair Band"," ","text.ini",20,12,5301668,
908,"Zalem's Battle Best"," ","text.ini",20,12,5309436,
909,"Moat of Burnedbless"," ","text.ini",20,12,5310556,
910,"Ice Ridge of Noltia"," ","text.ini",20,12,5310576,
911,"Schadenfreude-prone"," ","text.ini",20,12,5316760,
912,"Otium cum Dignitate"," ","text.ini",20,12,5317120,
913,"Kinda Sorta Visible"," ","text.ini",20,12,5318212,
914,"Keep the Doctor Away"," ","text.ini",21,12,5196908,
915,"Mascot: Dyphthelloid"," ","text.ini",21,12,5296180,
916,"Mascot: In Situ Tarf"," ","text.ini",21,12,5296204,
917,"Mascot: Safety Charm"," ","text.ini",21,12,5296376,
918,"Mascot: Health Charm"," ","text.ini",21,12,5296444,
919,"Mascot: Nurse Sarina"," ","text.ini",21,12,5298216,
920,"Anti-Illusion Mirror"," ","text.ini",21,12,5301348,
921,"Rall Family Wellness"," ","text.ini",21,12,5309404,
922,"Gaytkeepah III, Esq."," ","text.ini",21,12,5315132,
923,"Squallish Snow Cloud"," ","text.ini",21,12,5316940,
924,"Song's-about-me Vain"," ","text.ini",21,12,5317552,
925,"Mascot: Success Charm"," ","text.ini",22,12,5296420,
926,"Mascot: I Heart Zalem"," ","text.ini",22,12,5296828,
927,"Mascot: Swooned Feena"," ","text.ini",22,12,5296924,
928,"Mascot: Elder Cornell"," ","text.ini",22,12,5298056,
929,"Shrine, Mesa's Sector"," ","text.ini",22,12,5310784,
930,"Shrine, Fact's Sector"," ","text.ini",22,12,5310828,
931,"Gaytkeepah Numba Nine"," ","text.ini",22,12,5315236,
932,"Oh-the-pain-of-it-all"," ","text.ini",22,12,5317096,
933,"Mt. Precious Mud-made"," ","text.ini",22,12,5317784,
934,"Mascot: Tasty Rodentia"," ","text.ini",23,12,5296900,
935,"Mascot: Priestess Reah"," ","text.ini",23,12,5296972,
936,"Shrine, Hadal's Sector"," ","text.ini",23,12,5310668,
937,"Shrine, Tovah's Sector"," ","text.ini",23,12,5310736,
938,"Shrine, Gemma's Sector"," ","text.ini",23,12,5310760,
939,"Shrine, Palace Grounds"," ","text.ini",23,12,5311392,
940,"Dr. Gaytkeepah IV, DDS"," ","text.ini",23,12,5315108,
941,"Secret Goddess Admirer"," ","text.ini",23,12,5317188,
942,"Mascot: Troubadour Reah"," ","text.ini",24,12,5296572,
943,"Mascot: Priestess Lilia"," ","text.ini",24,12,5296764,
944,"Mascot: Priestess Feena"," ","text.ini",24,12,5296948,
945,"Shrine, Dabbie's Sector"," ","text.ini",24,12,5310712,
946,"Lair of the Black Pearl"," ","text.ini",24,12,5311436,
947,"The Hand That Feeds Them"," ","text.ini",25,12,5197024,
948,"Mascot: Prosperity Charm"," ","text.ini",25,12,5296488,
949,"Mascot: Imprisoned Maria"," ","text.ini",25,12,5296660,
950,"Mascot: Photogenic Lilia"," ","text.ini",25,12,5296688,
951,"Mascot: Gussied-Up Lilia"," ","text.ini",25,12,5296716,
952,"Mascot: China-Dress Reah"," ","text.ini",25,12,5297024,
953,"Please choose game mode."," ","text.ini",25,12,5331348,
954,"Cancel System Data save?"," ","text.ini",25,12,5333176,
955,"Mascot: Exploding Pumpkin"," ","text.ini",26,12,5296872,
956,"Mascot: China-Dress Feena"," ","text.ini",26,12,5296996,
957,"Mascot: Rado's Annex Reah"," ","text.ini",26,12,5297052,
958,"Revenge of Sworded Details"," ","text.ini",27,12,5196948,
959,"Set Sail For New Adventure"," ","text.ini",27,12,5197228,
960,"Mascot: Fortuneteller Sara"," ","text.ini",27,12,5296516,
961,"Mascot: Plainclothes Feena"," ","text.ini",27,12,5296596,
962,"Mascot: Hello Minea's Nurse"," ","text.ini",28,12,5296544,
963,"And Your Children's Children"," ","text.ini",29,12,5197168,
964,"What the Legends Don't Tell You"," ","text.ini",32,12,5196976,
965,"Please choose difficulty level."," ","text.ini",32,12,5310296,
966,"#c3#Stop enemies in their tracks."," ","text.ini",34,12,5331584,
967,"#c3#Teleport to any friendly location."," ","text.ini",39,12,5331544,
968,"#c3#Invoke the Goddesses to weaken Darm."," ","text.ini",41,12,5331876,
969,"#c3#Erect a force field for added protection."," ","text.ini",46,12,5331496,
970,"#c3#Light the darkness and reveal secret exits."," ","text.ini",48,12,5331408,
971,"#c3#Recover HP in dungeons when standing still."," ","text.ini",48,12,5331720,
972,"Contains #c2#[%s]#c#, but\nAdol already has that."," ","text.ini",49,12,5293248,
973,"It's #c2#[%s]#c#, but Adol\ncan't carry any more."," ","text.ini",49,12,5299724,
974,"#c3#Add \"Multi-Homing\" ability to the Fire magic."," ","text.ini",50,12,5331620,
