﻿0,Slaff,斯拉夫
1,Jacob,雅各布
2,Drake,德雷克
3,Arcia,阿希娅
4,Marco,马尔科
5,Danny,丹尼
6,Karin,卡琳
7,Lucca,路卡
8,Orman,欧曼
9,Donis,多尼斯
10,Cezar,塞萨尔
11,Chest,契斯特
12,Lydia,莉迪亚
13,Linda,琳达
14,Clive,克莱夫
15,Palma,帕尔玛
16,Goban,古邦
17,Uhnos,乌诺斯
18,Gryel,格里尔
19,Menon,梅农
20,Karon,卡隆
21,Cheryl,雪莉露
22,Sylvia,西尔维娅
23,Gerald,杰拉多
24,Julius,尤利乌斯
25,Aurora,欧若拉
26,Johann,约翰
27,Charme,夏尔姆
28,Pamela,帕梅拉
29,Freddy,弗雷迪
30,Martha,玛莎
31,Elbert,艾尔巴特
32,Oakrot,奥克罗特
33,Unugun,尤努刚
34,Bulner,布尔纳
35,Looter,鲁特
36,Dinvel,丁维尔
37,Dynick,迪尼克
38,Genoid,基诺伊德
39,Xomack,佐玛库
40,Vilvan,威鲁邦
41,Twarth,托乌斯
42,Talwar,塔瓦弯刀
43,Reflex,反射护甲
44,Hammer,铁锤
45,Mirror,魔法镜
46,  HARD, 困难
47,  EASY, 简单
48,Plains,草原
49,Shrine,神殿
50,Golden,金色
51,Custom,自定义
52,NORMAL,普通
53,Cancel,取消
54,OPTION,设置
55,Tuesday,周二
56,January,一月
57,October,十月
58,Stephan,史蒂芬
59,Rebecca,丽贝卡
60,Cornell,科内尔
61,Garreck,加雷克
62,Ricardo,里卡多
63,Tabitha,塔比莎
64,Rosetty,罗赛提
65,Pikkard,比卡多
66,Curloid,柯洛伊德
67,Rheboll,利波鲁
68,Rescoyd,莱斯科伊德
69,Nubbrow,纳布罗
70,Lemendy,莱曼迪
71,Brayzal,布雷泽尔
72,Jestona,杰丝特纳
73,Normous,诺玛斯
74,Irebolg,艾尔博格
75,Molfess,莫尔菲斯
76,Selnarg,赛鲁纳古
77,Monocle,单片镜
78,Display,显示
79,Artwork,美术风格
80,Compact,简洁
81,Torrance,托兰斯
82,Archelle,阿谢尔
83,Haystack,海斯塔克
84,Theodore,西奥多
85,Othcross,奥思克罗斯
86,Accumate,艾克梅特
87,Kelmarel,科尔马雷尔
88,Chryolos,库利奥罗斯
89,Euchreas,由库利斯
90,Bordisch,博迪休
91,Jenocres,杰诺库雷斯
92,Pictimos,皮克提摩斯
93,Darm Key,达姆之钥
94,Necklace,项链
95,  NORMAL,  普通
96,Ramparts,城墙
97,Movement,移动
98,Complete,完全版
99,Bilinear,双线性
100,Standard,标准
101,BGM Type,BGM版本
102,Menu Bar,菜单栏
103,NEW GAME,新游戏
104,Level up!,升级！
105,Charlotte,夏洛特
106,Chelasken,凯拉斯肯
107,Riffligan,利弗利刚
108,Wilewarer,瓦鲁瓦拉
109,Nygtilger,尼古提鲁加
110,Vagullion,瓦裘利安
111,Dark Fact,达尔克・法克特
112,Heal Ring,治愈戒指
113,Evil Ring,恶魔戒指
114,Ivory Key,象牙钥匙
115,Shrine B1,神殿地下1层
116,Shrine B2,神殿地下2层
117,Shrine B3,神殿地下3层
118,Lakeshore,湖畔
119,Quit Game,退出游戏
120,Filtering,滤镜
121,Trilinear,三线性
122,NIGHTMARE,噩梦
123,Nurse Ayla,护士艾拉
124,Miner Doug,矿工达古
125,Nurse Lisa,护士莉莎
126,Khonsclard,肯斯库拉德
127,Long Sword,长剑
128,Chain Mail,锁子甲
129,Plate Mail,金属板甲
130,Power Ring,力量戒指
131,Timer Ring,时间戒指
132,Prison Key,牢房的钥匙
133,Shrine Key,神殿的钥匙
134,Marble Key,大理石钥匙
135,Pim's Pawn,皮姆交易所
136,Militia HQ,自卫队指挥部
137,Sky Bridge,天桥
138,Frame Type,边框类型
139,Chronicles,编年史
140,No Display,不显示
141,Directions,方向
142,360 Degree,360度
143,Bump Master,撞击大师
144,Boss Bangoa,邦可亚老板
145,Granny Edda,艾达婆婆
146,Granny Soya,索雅婆婆
147,Short Sword,短剑
148,Flame Sword,火焰剑
149,Shield Ring,防御戒指
150,Volume Mesa,梅撒之章
151,Volume Fact,法克特之章
152,Silver Bell,银铃
153,Blue Amulet,蓝色护符
154,Golden Vase,黄金台座
155,Heal Potion,痊愈之药
156,  NIGHTMARE,噩梦
157,Minea Byway,米内亚小道
158,Mine Depths,矿山深处
159,EXP Display,经验值显示
160,TIME ATTACK,计时挑战
161,Into the Sky,飞向蓝天
162,Doctor Bludo,布卢多医生
163,Granny Daria,达莉亚婆婆
164,Doctor Klaus,克劳斯医生
165,Old Man Mash,马什老人
166,Mayor Marcel,马塞尔镇长
167,Mayor Robels,罗伯斯村长
168,Granny Lucia,露琪亚婆婆
169,Granny Tohbe,托贝婆婆
170,Silver Sword,银剑
171,Small Shield,小盾
172,Large Shield,大盾
173,Silver Armor,银铠
174,Battle Armor,战甲
175,Volume Hadal,哈达尔之章
176,Volume Tovah,托霸之章
177,Volume Gemma,洁玛之章
178,Mask of Eyes,魔眼面具
179,Dios' Armory,迪奥斯防具店
180,Buck's House,巴克的家
181,Barbado Port,巴尔巴多港口镇
182,Gerald's Pub,杰拉德酒吧
183,Warehouse 2F,仓库2层
184,Jeba's House,洁瓦的家
185,Luta's House,卢达的家
186,Edda's House,艾达的家
187,Thieves' Den,盗贼碉堡
188,Mining Pit 1,1号矿坑
189,Mining Pit 2,2号矿坑
190,Adol Visible,透明
191,Old Man Franz,弗朗兹老人
192,Old Man Betel,贝特尔老人
193,Old Man Lahan,拉汉老人
194,Old Man Pablo,巴勃罗老人
195,Old Man Corvo,科尔沃老人
196,Middle Shield,中盾
197,Silver Shield,银盾
198,Battle Shield,战盾
199,Volume Dabbie,达比之章
200,Sapphire Ring,蓝宝石戒指
201,Blue Necklace,蓝石项链
202,Town of Minea,米内亚镇
203,Klaus' Clinic,克劳斯医院
204,Betel's House,贝特尔的家
205,Mason's House,梅森的家
206,Daria's House,达莉亚的家
207,Zepik Village,塞皮克村
208,Mountain Path,山路
209,Darm Tower 2F,达姆之塔2层
210,Darm Tower 3F,达姆之塔3层
211,Darm Tower 4F,达姆之塔4层
212,Darm Tower 5F,达姆之塔5层
213,Darm Tower 6F,达姆之塔6层
214,Darm Tower 7F,达姆之塔7层
215,Darm Tower 8F,达姆之塔8层
216,Darm Tower 9F,达姆之塔9层
217,Darm Tower 1F,达姆之塔1层
218,Spiral Stairs,旋梯
219,Blood Effects,流血特效
220,Monster Stats,魔物信息
221,To Next Level,距离下一等级
222,8-Directional,8方向移动
223,+ Slow enemy.,+ 减缓敌人
224,Monster Masher,魔物图鉴
225,Old Man George,格奥尔格老人
226,Old Man Pastol,帕斯托尔老人
227,Old Man Cronen,克罗尼老人
228,Sara's Crystal,莎拉的水晶
229,Roda Tree Seed,萝妲种子
230,Piece of Paper,纸片
231,Golden Pendant,金之垂饰
232,Freddy's House,弗雷迪的家
233,Charme's House,夏尔姆的家
234,Bludo's Clinic,布卢多医院
235,Militia Armory,自卫队武器库
236,Darm Tower 10F,达姆之塔10层
237,Darm Tower 11F,达姆之塔11层
238,Darm Tower 12F,达姆之塔12层
239,Darm Tower 13F,达姆之塔13层
240,Darm Tower 14F,达姆之塔14层
241,Darm Tower 15F,达姆之塔15层
242,Darm Tower 17F,达姆之塔17层
243,Darm Tower 18F,达姆之塔18层
244,Darm Tower 19F,达姆之塔19层
245,Darm Tower 20F,达姆之塔20层
246,Darm Tower 21F,达姆之塔21层
247,Darm Tower 16F,达姆之塔16层
248,Darm Tower 25F,达姆之塔25层
249,+ Mortal sins.,+ 大罪
250,Darm Tower %dF,达姆之塔 %d层
251,Save Confirmed,确认保存
252,Confirm Delete,确认删除
253,Sworded Details,佩剑收集
254,Lugan the Thief,盗贼路根
255,Yogleks&Omulgun,约古雷库斯＆奥姆鲁根
256,Bestiary Potion,动物药水
257,Sara's Fortunes,占卜师莎拉的店
258,Orman's Spirits,欧曼酒馆
259,Rado's Annex 1F,拉朵之塔1层
260,Rado's Annex 3F,拉朵之塔3层
261,Restore Default,恢复默认设置
262,<<<< Sound >>>>,<<<<声音设置>>>>
263,Gamepad Buttons,手柄按键
264,Normal Movement,通常移动方式
265,Lv.%d Swordsman,Lv.%d 剑士
266,Complete (2001),完全版（2001）
267,<<<< Files >>>>,<<<<档案>>>>
268,Fisherman Betelo,渔夫彼得
269,Mason the Trader,商人梅森
270,Nikki the Dancer,舞娘妮可
271,Old Man Harrison,哈里森老人
272,Morgan the Thief,盗贼摩根
273,Treasure Box Key,宝箱的钥匙
274,Silver Harmonica,银口琴
275,Harrison's House,哈里森的家
276,Torrance's House,托兰斯的家
277,Mayor's Residence,镇长宅邸
278,Abandoned Mine 1F,废坑1层
279,Abandoned Mine B1,废坑地下1层
280,Abandoned Mine B2,废坑地下2层
281,Wall Transparency,墙壁透明度
282,<<<< Display >>>>,<<<<显示>>>>
283,<< Books of Ys >>,《伊苏之书》
284,Chronicles (2009),编年史（2009）
285,Rosetty's Weaponry,罗赛提武器店
286,Darm Tower Dungeon,达姆之塔地牢
287,<<<< Settings >>>>,<<<<设置>>>>
288,<<<< Movement >>>>,<<<<移动>>>>
289,That Wacky Minstrel,古怪的吟游诗人
290,Some Kind of Sorcerer,某种魔法师
291,+ Halve given damage.,+ 受伤减半
292,"Hello, My Name Is Adol",你好，我是亚特鲁
293,Gold Is the New Silver,黄金是新的白银
294,Forever Level One To Me,给我永远的LV1
295,+ Double damage output.,+ 双倍伤害
296,The Pim's-Lower Approach,与皮姆讨价还价的方法
297,Seriously Sworded Details,认真地佩剑收集
298,+ Recover HP in dungeons.,+ 在地牢中恢复HP
299,"Esteria, We Hardly Knew Ye",艾斯塔里亚，我们毫不了解你
300,#02Please choose game mode.,#02请选择游戏模式
301,"Hey Baby, What's Your Width?",宝贝，你的三围是多少？
302,Adol the Wall-Crusher-Enabler,亚特鲁墙壁破坏程序
303,"#02Exit game and\nreturn to title?","#02要离开游戏并\n返回标题界面吗?"
304,#02Please choose difficulty level.,#02请选择游戏难度
305,"I Can't See You, But I Can Feel You",我看不见你，但能感受到你
306,"#02Quit game and return\nto Windows?","#02要退出游戏并\n返回电脑桌面吗？"
307,"System Data has not been saved.\nReturn to title screen anyway?","系统文件尚未保存。\n还要返回标题界面吗？"
308,"Ys II Chronicles+ is already running.\nYs I cannot run concurrently.","伊苏2编年史正在运行。\n伊苏1无法正确运行。"
309,"ia 6 months ago\nto research its ancient\nruins, and happened to be in\nthe tower when the monsters\nfirst appeared.","在塔的密室中遇到的学者。\n半年前，为了调查古代遗迹\n而来到了艾斯塔里亚。\n后来，在调查达姆之塔时，\n被突然涌出的魔物\n困在了塔中。"
310,"A dwarf from the plains.\nLooks fearsome, but is\nactually quite weak. May\npresent a challenge at\nfirst, but will quickly\nbecome a pushover.","栖息在草原的小人族。\n虽然外表看起来瘆人恐怖，\n但力量很弱，并不强大。\n初见时可能会苦战一番，\n但只要积累了一点经验，\n徒手也可以将其打倒。"
311,"A red-furred feral dog that\nroams the Esterian plains.\nMoves quickly and often\nattacks in packs, making it\na real threat to the unwary\ntraveler.","奔跑在草原的红色猛犬。\n漂流到岸上的亚特鲁\n被其袭击后送进了医院。\n它们动作灵活，成群结队，\n所以一定要特别小心。\n最好做足准备再与其战斗。"
312,"A monster who lies in wait\non the lowest level of the\nshrine to slice apart its\nprey with a magic-infused\nsword. Hides its true form\nbeneath a cloak.","神殿最下层的魔物。\n时刻等待着用魔法\n强化过的剑将入侵者\n砍成碎片的时机。\n它被斗篷包裹看不到真身，\n推测其大概是高级的魔族。"
313,"A bitter relative to the\nAccumate who dwells far from\nits brethren, on floor 10 of\nDarm Tower. Not very strong,\nbut boasts tremendously high\nagility.","栖息在达姆之塔10层。\n属于艾克梅特一族，\n力量较弱，但敏捷大幅提升。\n和同族的艾克梅特关系不好，\n在塔中也是分开生活着。"
314,"A bug-beast that dwells in\nthe abandoned mine. Its\nslippery body deflects sword\nstrikes, and its sharp fangs\ncan pierce armor. Doesn't\ngo down easily.","徘徊在废坑的妖虫。\n光滑的身体能弹开剑刃，\n锐利的牙齿能咬破铠甲。\n它们不是几刀就能杀死的，\n必须将它们大卸八块，\n直到其完全停止活动才行。"
315,"A half-bug half-man that\ndwells in the abandoned\nmine. Its exoskeleton grants\nit excellent defense and\nspeed alike. Attacks with\nchaotic sword-swipes.","栖息在废坑中的怪物。\n同时拥有虫子和人类的特性，\n向四周挥舞着巨大的刀刃。\n外骨骼的身体敏捷又强韧，\n半吊子的攻击会被反弹回去。"
316,"A hand-selected Riffligan\ninhabiting floor 18 of Darm\nTower. The elitest of the\nelite, boasting sword tech-\nniques other monsters could\nonly dream of.","出没于达姆之塔18层。\n从利弗利刚中选出的\n精英中的精英。\n有着魔物中最华丽的剑技，\n以轻盈的步伐玩弄对手。"
317,"A semi-transparent life-form\nthat lurks in the abandoned\nmine. Its jelly-like body\nlatches on to its victims\nand begins dissolving them.\nAim for the eye.","潜伏在废坑的半透明生物。\n拥有弹性十足的胶状肉体，\n能溶化掉抱住的猎物。\n被砍中身体也会迅速恢复，\n只能通过破坏眼球将其打倒。"
318,"A soulless, steel-armored\nsentry guarding Rado's Annex\naround floor 15 of the Tower\nof Darm. Ordered to dispose\nof any intruders who attempt\nto gain entry.","出没于达姆之塔15层附近。\n钢铁铠甲中寄宿着\n邪恶意念的重装士兵。\n被命令守护拉朵之塔，\n迅速消灭一切接近塔的人。"
319,"Inhabits floor 20 of Darm\nTower. The strongest warrior\namongst the monsters, by\nleaps and bounds. Attempting\nto take on more than one at\na time is suicide.","出没于达姆之塔20层。\n拥有其它魔物望尘莫及的\n战斗力的最强战士。\n想要同时对付数个，\n那就是自寻死路。\n在密室中守护着最强之剑。"
320,"A monster found beneath the\nshrine. Often thought to be\nthe head of a giant, but no\none knows for certain. Its\nbloodshot eyes unendingly\nscan for fresh meat.","出没于神殿地下的怪物。\n据说它是巨人族的头部，\n但其真实身份尚未确定。\n苍白的皮肤上布满了血管，\n满是血丝的眼睛为寻找猎物\n而闪闪发光。"
321,"Luta's wife. Lives in Zepik\nand constantly worries about\nher husband, who sleepwalks\nalmost every night, often\nputting himself in grave\ndanger in the process.","住在塞皮克村的女性。\n她的丈夫卢达突然失踪了，\n很担心他会跑去危险的地方。\n据说是得了梦游症，\n不知道梦游到哪里去了。"
322,"A bloated dryad from the\nplains, formed from the\nmalevolence within a rotted\ntree. Very dry, inhibiting\nits mobility, which makes it\nan easy foe to take down.","出没于草原的木人。\n邪恶的力量寄宿在枯萎的\n树木中，进而产生的怪物。\n因为水分不足，行动迟缓。\n冷静应对就不足为惧。\n熟练的人能一击打倒它。"
323,"A sworn guardian of the\nshrine in life, resurrected\nby a sinister will. Inside\nits armor, it is completely\ndecayed. The stench of death\non it is overpowering.","徘徊在神殿周边的魔物。\n本是守护神殿的战士的遗骸，\n但被邪恶的力量所复活。\n铠甲内部的肉体已经干枯，\n接近时能闻到刺鼻的腐臭。"
324,"A bull-headed monster that\ndwells beneath the shrine.\nEmerges from the darkness\nswinging an enormous blade\nwildly, startling even the\nhardiest of adventurers.","出没于神殿地下的怪物。\n牛首人身，向四周挥舞着\n巨大的刀刃。浮现在黑暗中的\n白色身姿，能让胆小的人\n害怕到失去意识。"
325,"A creature with such heavy\narmor that only the mighty\ncan hope to damage it.\nDwells in the lowest caves\nof the abandoned mines, and\ncannot be easily overcome.","徘徊在废坑最下层的魔物。\n用厚重的铠甲包住全身，\n会不顾一切向前突击。\n无法承受那份重压的人，\n只能在黑暗中被压死。"
326,"An animal bred for its\nobnoxiously cute and tender\nlittle body. Sup on its\ntoothsome nibblets slathered\nin Roda butter or straddling\nbacon. Adorably delicious!","艾斯塔里亚的传统家畜。\n肉味鲜美好吃，烤煮皆宜。\n除了巴尔巴多港口镇饲养的，\n还有一部分野生种群\n栖息在草原上。"
327,"A monster residing in the\nabandoned mine. Its appear-\nance is strange and almost\nhumorous, but its attacks\nare much more deadly than\nany encountered previously.","出没于废坑的怪物。\n虽然外表奇特，还有些滑稽，\n但力量却远超草原上的魔物。\n如果没有经过充分的锻炼，\n会被秒杀的，一定要小心。"
328,"A fearsome ogre inhabiting\nDarm Tower's mirror maze.\nUses its sculpted body as a\nweapon, and manages to out-\nperform the Eucreas despite\nhaving no real defense.","出没于达姆之塔・镜之间。\n以训练有素的肉体为武器的\n深红战鬼。一旦抓到对手，\n直到化为肉片才会放开。\n在没有魔力援助的情况下，\n战斗力也凌驾由库利斯之上。"
329,"A beast with an enormous,\ngaping maw. The sight of its\ndrooling visage in pursuit\nis nightmare-inducing.\nDevours its prey, but no one\nknows where the remains go.","出没于废坑的怪物。\n巨大的嘴流着口水，\n步步逼近的样子，\n足以成为人们的梦魇。\n估计是个大胃王， 但永远\n不知道吃掉的东西去了哪里。"
330,"A monstrous phoenix from the\nabandoned mine. Why a bird\nwould dwell underground, and\nwhy its flames shed no\nlight whatsoever, are both\nquestions without answers.","栖息在废坑中的魔鸟。\n作为鸟却不在天空中翱翔，\n肯定是有什么原因的吧。\n虽然身上缠绕着火焰，\n但周围的环境却不会变亮，\n可能也是因为同样的原因吧。"
331,"An armored monster dwelling\naround floor 3 of the Tower\nof Darm. Characterized by\nits red armor and its speed,\nbut presents little issue if\ntaken out one by one.","出没于达姆之塔3层附近。\n特征是红色铠甲和动作敏捷，\n但是防御力并不是很高。\n只要不被包围，逐个击破，\n就不会被逼入绝境。"
332,"A member of the Barbado\nmilitia, charged with\nproviding escort to those\nwho travel to the city of\nMinea or Zepik Village.\nSeems to have his eye on\nMinea's dancer.","住在巴尔巴多港口镇的青年。\n作为自卫队的一员，护送居民\n前往米内亚镇和塞皮克村。\n喜欢年长的女性，\n对米内亚镇里上的舞女\n抱有似有若无的好感。"
333,"Charlotte's father and\nEphy's grandfather. Once\nlived in Rastin, but lost\nhis home, his wife and his\nson-in-law when monsters\nattacked from the silver\nmine there.","住在米内亚镇的老人。\n夏洛特的父亲，艾菲的祖父。\n以前一直住在拉斯汀村，\n但是有一天，村子被\n从矿山里涌出的蝙蝠摧毁了，\n他的妻子和女婿也因此丧生。"
334,"A giant insect-like monster\ninhabiting the catacombs\nbeneath the shrine. Scuttles\ntoward its prey while emit-\nting a shrill cry that could\ngive anyone goosebumps.","栖息在神殿地下的妖虫。\n只是巨大的虫就足以让人\n产生生理上的厌恶感了，\n要是还会吱吱地叫着，\n沙沙地靠过来，\n更是让人不禁起鸡皮疙瘩。"
335,"Saunters about the abandoned\nmine, skewering prey with\nits spear and horns. Ranked\nas superior officer to the\nUhnos, giving it an air of\ndignity. Has a cute tail.","徘徊在废坑的怪物。\n用右手的短枪和头部的犄角\n将敌人刺穿。是神殿中的\n乌诺斯上位魔物，可能是\n因为这个，它的姿态很奇特。\n它的长尾巴魅力十足。"
336,"An armored monster dwelling\naround floor 1 of the Tower\nof Darm. Wields two swords,\nbut wears inferior armor,\nmaking it vulnerable to even\nthe weakest of attacks.","出没于达姆之塔1层附近。\n双手持剑，以惊人的攻击力\n为傲。但防御力比废坑的\n魔物还要低不少。\n如果谨慎作战的话，\n弱小的武器也能打倒它。"
337,"A mud-like monster dwelling\nwithin Rado's Annex. Digests\nthrough absorption and moves\nfar quicker than one would\nexpect. Will eat anyone,\nhuman and monster alike.","徘徊于拉朵之塔的粘体。\n就算是魔物，只要接近它\n也会被缠住将其消化吸收。\n拥有和外表不符的敏捷度\n和坚韧度，其它魔物也很\n害怕它。"
338,"A cruel magician inhabiting\nDarm Tower's mirror maze.\nCloaked, and wields a magic\nsword. Able to freely move\namongst the mirrors, and\nenjoys toying with its mark.","出没于达姆之塔・镜之间。\n阻挡在通往塔顶之路上的\n魔法剑士。身披带有魔力的\n斗篷，手持泛着红光的魔剑。\n在镜子迷宫中行动自如，\n玩弄着入侵者。"
339,"A fast-moving hard-shelled\nmonster that bustles about\nin the abandoned mine. Due\nto its quick speed within a\ndimly-lit environment, the\nMenon presents real danger.","在废坑里四处飞窜的魔物。\n虽然身体很小，但拥有灵敏\n坚韧的身体，小看它的话，\n一瞬间就会被反杀。\n是在能见度较低的废坑中\n最需要提防的敌人之一。"
340,"Inhabits floor 19 of Darm\nTower. A warrior with talons\non both arms, as well as\narmor layered upon naturally\nscaly skin. Will not break\nits stride, no matter what.","徘徊于达姆之塔19层。\n双臂有巨大钩爪的战斗生物。\n包裹身体的铠甲是皮肤硬化\n而成的，因此不会妨碍行动。\n在达姆之塔的一角\n守护着最强的铠甲。"
341,"A spirit of the dead bearing\nthe darkened flame of a long\nforgotten grudge. Approaches\nthe living in hopes of find-\ning a new friend to dwell\neternally by its side.","徘徊于神殿地下的亡灵。\n身上缠绕着怨念的黑色火焰，\n时刻等待着将活着的人\n拉入它们的行列。\n在具备足够的力量前，\n最好避免与它们交战。"
342,"Guardian of the Silver Armor\nin Darm Tower's mirror maze.\nWears thick armor, but its\nintelligence is the real\nthreat. Chases down intru-\nders with intent to behead.","出没于达姆之塔・镜之间。\n虽然穿着厚重的铠甲，\n却是至今为止的敌人中\n最敏捷的。在镜子迷宫中\n守护着银铠，\n对侵入者发动无情的斩击。"
343,"A savage beast wandering the\nshrine. Can tear its prey to\nshreds in a single moment\nusing its claws and tusks,\nand its thick mane is soaked\nwith blood. Smells awful.","栖息于神殿地下的魔兽。\n本性凶猛，发现猎物后\n会用爪牙瞬间将其\n撕成肉片。丰盈的鬃毛上\n沾满了污水和血脂，\n周身散发着腐烂的臭味。"
344,"Found in Darm Tower's mirror\nmaze. A creature built from\nintertwining mushroom fibers\nfilled with deadly nerve\ntoxins. Beware the dire grip\nof its sinuous tentacles!","徘徊于达姆之塔・镜之间。\n身体是由菌纤维掺和组成的。\n挥动着触手，来回晃荡着。\n触手会分泌一种神经毒素，\n鲁莽接近它是很危险的。"
345,"An unpleasant creature found\non floor 9 of Darm Tower.\nLooks just like the statues\nfound elsewhere, so the un-\nprepared may be caught off-\nguard. Surprisingly fierce.","出没于达姆之塔9层。\n相同姿态的石像放置在各处，\n若大意地认为它不会动的话，\n就会遭到袭击。\n它们不仅力量强大，\n还是个阴险狡诈的对手。"
346,"A girl Adol rescues from a\ncold, lonely cell beneath\nthe shrine. Doesn't remember\nanything but her name, and\nhas no idea why she'd been\nlocked away in the first\nplace.","被幽禁在神殿地下的\n圣域中的少女。\n失去了名字以外的记忆，\n不知道为什么\n会被关在这种地方。"
347,"Dwells on floor 17 of Darm\nTower. Charges its opponents\nin a straight line, making\nshort work of them. Best not\nto attack a Kelmarel head-on\nlest you be quickly gored.","栖息在达姆之塔17层。\n时刻等待在一条长路上\n刺杀侵入者。\n与它们正面交锋会很不利，\n所以想要前进需要下点工夫。"
348,"A top-tier guardian dwelling\nonly on floor 6 of the Tower\nof Darm. Its attack power is\ntremendous, but in a pinch,\nit can be bypassed entirely.\nRunning may be advisable.","栖息在达姆之塔6层。\n动作迟钝，但攻击力巨大。\n如果要与它正面交锋，\n就要做好遭受重创的准备。\n它只在6层的一部分地区，\n可以不与其战斗直接绕行。"
349,"Entrusted as a guardian of\nthe Silver Sword and Shield,\nthe Genoid is descended from\ngiants and possesses appro-\npriately herculean strength.\nFound around the 7th floor.","栖息在达姆之塔7层附近。\n继承了太古巨人族的血统，\n拥有与种族相称的强大力量。\n相对的，它没装备任何防具，\n防御力并不是很高。\n守护着银剑和银盾。"
350,"Daria's son. Lives in Minea.\nConstantly attempts to\nconvince his mother in\nBarbado to come live with\nhim in Minea, but she won't\nhear him out. This has him\nvery troubled.","住在米内亚镇的男性。\n达莉亚婆婆的独生子。\n他一直在劝说住在\n巴尔巴多港口镇的母亲\n搬来米内亚镇居住，\n但是母亲一点也不听劝，\n让他很是困扰。"
351,"A kindly, reserved woman\nfrom Zepik, beloved by all\nthe villagers. Recommends\nspeaking with an old woman\nnamed Jeba if you have any\nquestions pertinent to your\nadventure.","住在塞皮克村的女性。\n性格内敛，但是待人和善，\n受到大家的仰慕。\n如果有什么想要询问的事情，\n她会推荐你去找一位叫做\n洁瓦的博闻强识的老妇人。"
352,"A member of the Barbado\nmilitia, known for keeping\na cool head at all times.\nBelieves that there is\ncourage in knowing when to\nrun from battle, and when to\nstay and fight.","住在巴尔巴多港口镇的青年。\n虽然是自卫队的一员，\n但并不拘泥于保护城镇。\n而是冷静地分析事物的类型，\n并认为在和魔物的战斗中，\n偶尔也需要不勉强自己，\n敢于撤退的勇气。"
353,"Sara's aunt, who lives in\nZepik Village. Extremely\nwell-versed in Esteria's\nhistory and culture, herbs,\nand even fortunetelling.\nThe other villagers really\nlook up to her.","住在塞皮克村的老妇人。\n是米内亚镇的占卜师\n莎拉的姑妈，\n对艾斯塔里亚的文化与历史\n造诣很深。\n也精通药草与占卜的知识，\n受到周围村民们的尊敬。"
354,"A little girl from Minea,\nborn to Julius and Fana.\nConsiders Sara the fortune-\nteller her best friend, and\nis always looking for the\n'legendary brave soul' on\nSara's behalf.","住在米内亚镇的女孩。\n尤利乌斯和法娜的独生女，\n和占卜师莎拉关系很好。\n莎拉正在寻找「旅行的剑士」，\n所以她看到外表相符的人，\n就会搭话让其去拜访占卜师。"
355,"A former miner from Minea\nwho lost his job when the\nmonsters showed up. Tried to\nresist, but was unable; and\never since, he's become\nutterly terrified of the\nabandoned mine.","住在米内亚镇的男性。\n以前在矿山工作，\n因为魔物的出现而失业。\n尽管大家拼死抵抗，\n但还是毫无还手之力，\n对废坑中魔物的恐惧\n深深地印在了他的脑海里。"
356,"A patron of Orman's bar in\nMinea who spends every\nwaking hour drinking and\ngossiping with Cezar. Has\nbeen a bit depressed of late\ndue to the hiatus of his\nbeloved troubadour.","在米内亚酒馆内的青年。\n和塞萨尔相对而坐，\n边闲聊边喝酒。\n最近他喜欢的吟游诗人\n没有吹奏曲子了，\n这让他有些在意。"
357,"A Minean resident who once\nclimbed a Roda Tree all the\nway to its tippy-top. Now,\nhe's grown old and weak, but\nthanks to Dr. Klaus, he's\nstill just as chipper as he\never was.","住在米内亚镇的老人。\n多亏了克劳斯医生的处方，\n他仍能像过去一样活力满满。\n最近他开始变得腿脚不便了，\n所以不敢再那么乱来了，\n他年轻时可是爬上过\n草原上的大树顶端哦。"
358,"A patron of Orman's bar in\nMinea. Used to be a tour\nguide, but has been out of a\njob since the Stormwall\nfirst appeared. Remains\ndisturbingly optimistic\ndespite his hardships.","在米内亚酒馆内的青年。\n本来是艾斯塔里亚的导游，\n因为魔物的出现而失业。\n据说在岚之结界出现以前，\n他带学者去过山上的遗迹。\n乐天的性格，让他在失业中\n也格外地开朗。"
359,"An attractive middle-aged\nman who's been running a\nweapon shop in Minea for\nmany years. Well-versed in\ncombat; can easily discern\nthe combat potential of\ncustomers. Dios' father.","米内亚镇的武器店老板。\n在艾斯塔里亚经营武器店\n多年的充满魅力的中年男人。\n不光是武器，对战斗技巧\n也有很深的造诣，还能看出\n使用者的实力。\n防具店老板迪奥斯的父亲。"
360,"A very young girl living in\nMinea after her hometown of\nRastin was destroyed.\nDoesn't understand what\nhappened, and thus hopes to\nreturn home one day, and\nresume her normal life.","住在米内亚镇的女孩。\n因为年纪还小，所以不太能\n理解拉斯汀村遇袭的悲剧。\n她希望有一天能回到村子里，\n和大家一起过上以前的生活。"
361,"Doctor Bludo's only son.\nLives in Barbado Port. Saved\nfreshly-beached Adol from\nbeing eaten alive by a\nRheboll. After the monsters\nappeared, Slaff founded a\nmilitia to fight them.","住在巴尔巴多港口镇的青年。\n布卢多的独生子。\n亚特鲁被冲上白号角沙滩时，\n是他从利波鲁口中将其救下。\n在魔物开始到处游荡之后，\n他组建了一支自卫队\n来保护城镇。"
362,"A boy from Minea. Loves it\nwhen his grandfather, Franz,\ntells him the story of the\nlegendary Silver Sword. One\nday hopes to hold it in his\nown hands and vanquish\nmonsters with it.","住在米内亚镇的男孩。\n很喜欢祖父弗朗兹讲的\n「银色之剑」的故事。\n他希望有一天，\n能用那把剑赶走魔物群。"
363,"Head of the bandits residing\nin the Thieves' Den at the\nfoot of Darm Tower. Would\nnever rob from the weak or\ndefenseless, and is highly\nrespected by all those who\nserve under him.","在盗贼碉堡里的盗贼团首领。\n虽然被人们所恐惧着，\n但他以「不抢夺弱者的东西」\n为信条，在达姆之塔的脚下\n建立了一个据点。正如他的\n信条所言，他是个注重道义，\n受到部下信任的人。"
364,"Lives with his muscular\nbrother Bron in Minea, but\nBron's become hospitalized\ndue to a mining injury, so\nArchelle is all alone now.\nHe visits Bron at the clinic\neach and every day.","住在米内亚镇的少年。\n和自信强壮的哥哥一起生活，\n但哥哥布隆在矿山里受伤，\n现在住院中。尽管只剩自己，\n也没有特别悲观，\n每天都会去看望哥哥。"
365,"Minea's armorer. Obsessed\nwith armor, and gets mad\nif you tell him the best\ndefense is a good offense.\nBelieves instead in survival\nof the fittest. Son of the\nweaponsmith, Rosetty.","米内亚镇的防具店老板。\n作为防具迷，完全反对\n攻击是最好的防御这一说法。\n认为能活下来才是胜利，\n会根据使用者的不同\n提供合适的防具。\n武器店老板罗赛提的儿子。"
366,"Barbado's requisite bratty\nboy. Fascinated by the world\noutside the town gates.\nWants to join the militia\nwhen he grows up. Always\nseen together with the\nneighbor's daughter, Cheryl.","住在巴尔巴多港口镇的男孩。\n正值活泼好动的年纪，\n对镇外的世界很感兴趣。\n想在长大后加入自卫队\n赶走魔物。\n和邻居家的雪莉露关系很好，\n经常在一起玩。"
367,"A Barbado Port resident.\nWatches over the town from\nits highest rooftop,\npatiently and systematically\nkeeping an eye out for any\ninvading monsters. Is known\nas Slaff's right hand man.","住在巴尔巴多港口镇的青年。\n他为了监视魔物的动向，\n一直在屋顶观察着城镇周围。\n他勤奋又有耐心，\n作为斯拉夫的左膀右臂\n守护着巴尔巴多的安全。"
368,"A woman living in Barbado.\nUsed to be active in silver\ntrade, but has become rather\ndespondent ever since the\nStormwall appeared. Secretly\nprays for it to go away,\nevery single night.","住在巴尔巴多港口镇的女性。\n因银的交易而热闹的港口镇，\n转眼间又变回了原来的乡村，\n这令她意志消沉。\n她每天晚上都会偷偷祈祷，\n希望岚之结界能快点消失。"
369,"A drunkard from Minea. Used\nto be a fan of hard liquor,\nbut has recently discovered\nthe wide world of wine.\nAlways compares vintages,\nand fancies himself an\nexpert. Plans to wed soon.","在米内亚酒馆内的醉鬼。\n以前主要喝啤酒和烧酒，\n最近开始对葡萄酒有了兴趣，\n每天都在葡萄酒。\n正值酷爱喝酒的24岁。\n顺带一提他打算近期结婚。"
370,"An old man hospitalized in\nMinea. Was struck from\nbehind, and had his Silver\nShield stolen by an unknown\nassailant-- likely one of\nthe thieves from the moun-\ntain region, he believes.","在米内亚医院里住院的老人。\n被骚扰城镇的强盗袭击，\n背后受到钝击而入院。\n代代相传的银盾也被偷了，\n真是祸不单行。"
371,"Minea's mayor. A highly\ntrusted figure amongst the\ntownsfolk, but the troubles\nof late have saddened him.\nHe constantly worries that\nMinea's walls won't be\nenough to protect everyone.","米内亚镇的镇长。\n德高望重，为大家所信赖。\n魔物出现后不断发生的问题，\n让他感到十分的痛心。\n他每天都在担心烦恼着，\n觉得坚固的城墙\n可能无法保护好大家。"
372,"A woman from Zepik who\nworries about her health\nfaltering due to the large\nnumber of elderly indivi-\nduals living around her.\nAlso worries about the elder\ndue to his frantic behavior.","住在塞皮克村的少女。\n由于村里以老年人居多，\n所以很担心大家的健康状况。\n最近村长的样子很奇怪，\n所以很担心他是不是\n哪里出了什么问题。"
373,"An old man from Zepik who\nused to work as a miner. In\nthose days, he recalls there\nwere two Goddess statues en-\nshrined in a mine cavern--\nbut one day, one of them\nsimply disappeared!","住在塞皮克村的老人。\n年轻时，在银矿山做矿工。\n他说当年，在矿山的深处\n放置有两座女神像，\n但不知何时就少了一座。"
374,"A woman living in Barbado.\nHasn't heard from her friend\nin Minea since the monsters\nfirst appeared. Seriously\nconsidering requesting a\nmilitia escort for a visit,\nto assuage her fears.","住在巴尔巴多港口镇的女性。\n自从街道开始出现魔物后，\n就和住在米内亚镇的朋友\n失联了，因此十分担心\n对方的安危。目前正在考虑\n要不要请自卫队\n护送自己到米内亚去。"
375,"Daughter of Minea's mayor.\nAlways lived a life of\nfrivolity, but now that the\ncost of commodities has\nrisen, she's been forced to\ngive it up. Presently still\nsearching for a new hobby.","住在米内亚镇的女性。\n镇长的女儿，在银的交易\n繁荣时期，十分喜爱购物。\n不同于外表，性格很坚强，\n在物价飞涨之后，\n克制住了购物的热情，\n目前正在寻找新的乐趣。"
376,"Son of Minea's mayor. Due to\nhis unrestricted freedom\ngrowing up, he still acts a\nbit childish. Hearing doom\nprophesied by Sara the\nfortuneteller, however,\nsobered him up quite nicely.","住在米内亚镇的青年。\n镇长的儿子，可能是因为\n从小生活无忧的缘故，\n有着与年龄不符的孩子气。\n听到占卜师莎拉的\n灾难预言后，\n就难掩内心的焦虑不安。"
377,"Freddy's wife, and Johan's\nmother. Lives in Minea, but\nseems unconvinced that the\nwall around the city offers\nany real protection. Feels\nsuffocated by the goings-on\nthroughout Esteria.","住在米内亚镇的女性。\n弗雷迪的妻子，约翰的母亲。\n自从魔物出现之后，\n整个艾斯塔利亚的窒息氛围\n令她头痛不已。\n认为哪怕有城墙的保护，\n也不是绝对安全的。"
378,"A fortuneteller living in\nMinea. Renowned for her\nstartling accuracy, having\neven predicted the Stormwall\nand monster invasion. Sees\nsomething in Adol, and\nguides him on a quest to Ys.","住在米内亚镇的占卜师。\n大家对她的评价非常高，\n这次岚之结界与魔物的出现\n也都被她预言到了。\n从来自艾斯塔里亚外面的\n亚特鲁身上看出了什么，\n引导其展开关于伊苏的冒险。"
379,"An old man from Zepik who\nwas rescued from monsters\nby Goban. Now regards the\nthieves as honorable indi-\nviduals, and believes the\nrecent incidents must have\nbeen someone else's doing.","住在塞皮克村的老人。\n以前遭遇魔物袭击时，\n是古邦救了他。\n因此认为古邦是个人物，\n无法相信近来惊扰世间的\n盗贼骚动会是古邦他们干的。"
380,"Sole doctor at the clinic in\nBarbado Port. Nursed Adol\nback to health after he was\nfound on Whitehorn Beach.\nActs tough around his son,\nSlaff, but turns to jelly\naround his nurse, Ayla.","住在巴尔巴多港口镇的医生。\n他治疗了被卷入岚之结界，\n漂流到白号角沙滩的亚特鲁。\n和儿子斯拉夫一样都很固执，\n但是好像在护士艾拉面前，\n气势就会被压一头。"
381,"A wide-eyed youth from\nBarbado Port. Put everything\nhe had into becoming the\nbest trader he could be--\nbut then the Stormwall came\nand ruined everything. Now,\nhe's just always very sad.","住在巴尔巴多港口镇的青年。\n拥有年轻人的野心和行动力，\n在港口镇因贸易而繁荣时，\n他竭尽所能地扩大交易，\n但现在由于岚之结界的影响，\n无法再进行贸易活动了，\n这让他感到非常的灰心丧气。"
382,"A warrior from Minea, hired\nby Orman to aid in the thief\nhunt. Has dedicated himself\nto sampling the world's\ncuisine, and wishes to find\nthe fabled Roda Seed during\nhis stay in Esteria.","在米内亚酒馆内的战士。\n是酒馆老板雇来猎捕盗贼的。\n云游各地品尝珍馐\n是他的毕生事业，\n正在艾斯塔里亚\n寻找「萝妲种子」中。"
383,"Mayor Marcel's wife. Offers\nher husband unconditional\nsupport in these trying\ntimes. Claims that the wall\naround the city was not a\nrecent construct, but has\nbeen there since antiquity.","米内亚镇的镇长夫人。\n尽管对城镇被袭击感到不安，\n但仍支持着身为镇长的丈夫。\n据她所说，作为米内亚象征的\n城墙并不是最近建造的，\n而是很久以前就存在的。"
384,"Elbert's wife, and Mark's\nmother. Lives in Zepik, and\nis very set in her ways.\nServes as a model housewife,\ndevoting herself completely\nto always making her home a\nmore comfortable one.","住在塞皮克村的女性。\n就算周围的状况发生了变化，\n也保持着主妇的生活节奏。\n以「阖家欢乐」为座右铭\n过着每一天。\n是艾尔巴特的妻子，\n马克的母亲。"
385,"The only child in Zepik, but\nhe doesn't let that get him\ndown! He's perfectly content\njust playing outside, and\ncan often be found fishing\nat the lake or basking in\nthe rays of the sun.","住在塞皮克村的男孩。\n虽然是村里唯一的孩子，\n但他完全不在意这种事，\n充满活力地在大自然中玩耍。\n非常喜欢湖，总是在享受\n垂钓和晒太阳的乐趣。"
386,"An old man living in Zepik\nwho absolutely loves fishing\nat the lake, and does so\nevery single day. He rarely\never catches anything, but\nhe doesn't seem to mind--\nhe just enjoys the sun!","住在塞皮克村的老人。\n虽然他每天都会在码头钓鱼，\n不知道他是在钓鱼，\n还是在晒太阳，\n不过本人一副无所谓的样子。"
387,"A fat thief who seems like a\nruffian at first, but has a\nreal heart of gold. Used to\nwork in the mines with Goban\nand almost lost his life\ndown there, but Goban saved\nhim from his fate.","在盗贼碉堡内的胖男人。\n外表看起来很粗鲁，\n但他内心温厚，重人情。\n在一次矿工纠纷中差点丧命，\n是古邦救了他。"
388,"Mason's wife, and Cheryl's\nmother. Outwardly demure,\nbut actually quite a fire-\ncracker. Does her best to\nsupport her family through\nthese difficult times, and\nalways remains optimistic.","住在巴尔巴多港口镇的女性。\n梅森的妻子，雪莉露的母亲。\n虽然表面娴静，但性格坚强，\n在被岚之结界困住后，\n仍然积极地生活着。"
389,"A waitress at the bar in\nBarbado. Since there are no\ncustomers anymore, she has\nmore free time than she\nknows what to do with. As a\nresult, she's been thinking\nabout joining the militia.","住在巴尔巴多港口镇的少女。\n酒馆的女服务员， 但是因为\n没有客人，所以闲得很。\n为了更好地利用时间，\n让缺乏运动的身体动起来，\n正在考虑要不要加入自卫队。"
390,"A young thief working under\nGoban, and the first thief\nGoban recruited. Has a foul\nmouth and even fouler tem-\nperament, but is a very\nhonorable man who would\nnever betray anyone's trust.","在盗贼碉堡内的瘦男人。\n说话难听，性格更差，\n但绝不会背叛有义气的人。\n虽然年轻，但是实际上是\n跟随古邦时间最长的老盗贼。"
391,"Two heads may be better than\none, but these two are worse\nthan anything! As they come\nin for the attack, one head\nis real and the other illu-\nsory. When damage is dealt,\nthe two tag off.","等待在镜之间深处的魔物。\n两个中有一个是幻影，\n攻击幻影不会造成伤害。\n真身遭受到攻击后，\n会瞬间和幻影交换。\n需要做好打持久战的准备。"
392,"A former trader from Barbado\nPort. After the Stormwall\nappeared, trading became\nimpossible, but fishing was\nmore productive than ever.\nBetelo has a real talent for\nseeing the bright side.","住在巴尔巴多港口镇的渔夫。\n虽然贸易因岚之结界而中断，\n但他积极地认为，\n只要能捕到鱼，就不会挨饿。\n脚踏实地生活的他，\n并不太在意经济环境的波动。"
393,"A man from Minea. Has been\nkeeping watch at the city\ngate to ensure that no\nchildren leave the safety of\nits walls. Spotted a shady\nman inside the city recently\nhowever, and is concerned.","住在米内亚镇的男性。\n为了防止孩子们去到危险的\n外边，而在入口附近看守着。\n最近他看到个可疑的\n穿着斗篷的男人，\n他觉得这是个不祥的预兆。"
394,"A young man hospitalized in\nMinea with injuries from a\nRheboll attack. Narrowly\naverted death by escaping to\nthe shade of one of the\ngreat trees on the plain.\nThe monsters did not follow.","在米内亚医院里住院的青年。\n他被利波鲁袭击而受伤入院。\n当时他逃到耸立在草原上的\n大树下，才侥幸得救。\n不知为何，魔物好像不会\n靠近那棵大树。"
395,"A deeply devout old woman\nfrom Zepik who believes that\nthe village's treasure, the\nSilver Bell, is what keeps\nthe monsters at bay. She\nfeels that its tonal quality\nhas a purifying effect.","住在塞皮克村的老妇人。\n她信奉宗教，坚信村里的\n宝物「银铃」在保护村子\n免受魔物侵袭。\n事实上，银铃发出的清脆\n音色确实有着某种裨益。"
396,"One of Goban's men, with a\npenchant for breaking walls.\nRescues Adol from prison in\nthe Tower of Darm, along\nwith Luta Gemma. Strong,\nkindly and loyal, he and\nAdol quickly become friends.","在塔的地下牢房遇到的男人。\n性格豪爽，力量强大，\n他打碎石墙将被关在\n地下牢房的亚特鲁和卢达\n救了出来。\n是盗贼团的一员，\n古邦的得力助手。"
397,"A dearly beloved troubadour\nwho plays lovely harmonica\nmusic for anyone who will\nlisten. Found herself in\nMinea, and seeks to tighten\nthe spiritual bonds amongst\nits inhabitants with song.","在米内亚镇遇到的少女。\n吹奏口琴的吟游诗人，\n不知从何时起出现在了\n米内亚的街角。\n通过音乐和镇上的居民\n建立了心灵的纽带，\n不管男女老少都很喜欢她。"
398,"An old man from Minea with a\ngreat love of Esterian lore.\nOften reads its legends to\nhis grandson, Lucca, as\nfairytales. Very close with\nSara the fortuneteller, and\nworries for the future.","住在米内亚镇的老人。\n他熟悉艾斯塔里亚的\n古代传说，并将其当作\n童话故事讲给孙子路卡听。\n他和占卜师莎拉是朋友，\n艾斯塔里亚最近发生的灾难，\n让他感到有一股不祥的气息。"
399,"A dancer from Minea. Wears\nmake-up to appear mature,\nbut only just turned 20.\nHates when people wallow in\ndepression, so she dances at\nOrman's bar in an effort to\nboost everyone's spirits.","在米内亚酒馆内的舞女。\n化妆后看起来很成熟，\n其实只有二十岁。\n她不喜欢沉闷的气氛，\n因此她细致地服务众人，\n确保每个人都能在酒馆里\n玩得开心。"
400,"Elbert's mother. Lives in\nZepik, and fancies herself\nan expert in wild plants,\nnuts, berries and the like.\nUsed to pick Roda Fruit all\ntime time, but lately, it\nsimply hasn't been growing.","住在塞皮克村的老妇人。\n艾尔巴特的母亲。\n喜欢采集野菜和水果。\n以前还能从耸立在草原的\n大树上采摘到美味的果子，\n但最近大树都不结果了，\n这令她感到非常遗憾。"
401,"An old man from Zepik who\nbelieves that if monsters\nexist, then so too must the\nGoddesses described in the\nancient legends. As such, he\nspends his days praying for\nthe Goddesses to appear.","住在塞皮克村的老人。\n他觉得既然魔物真实存在，\n那曾经拯救了艾斯塔里亚，\n记录在古文书上的「女神」\n也应该存在。\n为此，他每日都在祈祷。"
402,"An old lady from Zepik who\nadores ghost stories, and\nreadily blames unexplained\noccurrences on ghosts. Warns\nof a hooded spirit in the\nshrine to the north, though\nwho can say if it's real?","住在塞皮克村的老妇人。\n她热衷于奇闻怪谈，一发生\n不可思议的事，就立刻说是\n鬼魂幽灵作祟。她忠告说\n神殿中栖息着披头巾的亡灵，\n但必须去那里亲眼见证下，\n才能知道是真是假。"
403,"A popular old man from\nBarbado. Known to be very\nwise, often giving advice to\nyoungsters who've lost their\nway. Incidentally, he's not\nbald; rather, he apparently\nshaves his head every day.","住在巴尔巴多港口镇的老人。\n具有稳健、深思熟虑的性格，\n会给迷茫的年轻人各种启发。\n顺带一提，他并不是秃头，\n只是每天早上都会剃光头发。"
404,"A young man from Minea who's\nbecome obsessed with Pim,\nthe pawn shop owner. Can't\nwrap his head around how Pim\ncould find an item on the\nground yet have the audacity\nto keep it and sell it.","住在米内亚镇的青年。\n对在镇上经营交易所的皮姆\n颇有微词。在艾斯塔里亚，\n居民互助是最基本的常识。\n而皮姆却将失物当商品来卖，\n这种厚颜无耻令他哑口无言。"
405,"Betel's young daughter. In\nsearch of a boyfriend, and\nisn't very picky about his\npersonality as long as he's\nhandsome-- but won't date\nyounger men. Seems to have\nseen the black-cloaked man.","住在米内亚镇的女性。\n贝特尔老人正值青春的\n独生女。正在找对象中，\n只要长得帅，形迹可疑的\n也能接受，但不能比自己小。\n她在附近看到过一个穿着\n黑斗篷的男人。"
406,"A woman who lives in Minea\nafter her hometown of Rastin\nwas destroyed by monsters.\nOnce lost the will to live,\nbut regained it by focusing\non her daughter, Ephy, and\nReah's beautiful music.","住在米内亚镇的女性。\n曾经住在拉斯汀村，\n但是有一天村子被从矿山\n涌出的蝙蝠摧毁了。\n虽然一度失去了生存的勇气，\n但她听到女儿艾菲和蕾雅的\n演奏后，又重新振作了起来。"
407,"A wizard who blocks the path\nto the lower levels of the\nshrine. Teleports at will\nwhile conjuring streams of\nblue flame from the sides of\nthe room. Proves to be a\nmost wily opponent indeed.","在神殿的深处封印着\n通往地下道路的魔道师。\n自由地操纵火焰和瞬间移动，\n阻挡着想要深入前进的人。\n要是被两侧喷出的火焰包围，\n一瞬间便会被烧成白骨。"
408,"A terrifying bug that flies\nin at great speed, hurling\ndeadly sickles. Attacks any\nwho disturb its nest, as\nevidenced by the remains of\nits victims strewn about.\nRequires agility to defeat.","出现在达姆之塔８层的\n巨大魔物。\n巢穴中四散着遇难者的遗骸。\n它使用高速飞翔的镰刀\n切碎靠近的人。想要打倒它，\n就需要看穿镰刀的飞行轨迹，\n利用短暂的漏洞进行攻击。"
409,"A one-eyed drunkard from\nMinea. Not much to look at,\nbut he has a good heart, and\nis greatly depressed by the\nloss of an important item.\nShould be at work, but fears\nhis boss' fists of fury.","在米内亚酒馆里的独眼男。\n虽然面相凶狠，但内心淳朴，\n因为丢失了重要的东西\n而感到非常苦恼。\n他旷工在酒馆喝得酩酊大醉，\n如果被师傅发现的话，\n估计会受到一顿铁拳制裁。"
410,"An old man from a long line\nof dairy farmers. Primarily\nbreeds pikkards, but hasn't\nhad access to good grazing\nland since the monsters\nappeared, so he now operates\nfrom Barbado's town square.","住在巴尔巴多港口镇的老人。\n家中世代都从事奶酪畜牧业，\n主要饲养比卡多。\n可魔物的出现导致无法放牧，\n目前放在镇上的广场饲养。"
411,"Minea's chief carpenter. Is\npresently searching for one\nof his men, Donis, who's\nbeen grievously slacking on\nthe job. Intends to smack\nsome sense into Donis, then\ndrag him right back to work.","住在米内亚镇的木匠师傅。\n在寻找旷工的独眼男多尼斯。\n工作那么忙居然还敢偷懒，\n准备找到这家伙后教训一顿，\n再带回去工作。"
412,"Minea's bartender. A man of\nmany muscles, having once\nworked as a mercenary on the\nmainland. Has become rather\nconcerned by the ongoing\nthefts around Minea, and is\nthus planning a thief hunt.","米内亚镇的酒馆老板。\n曾在大陆当过佣兵的壮汉。\n退役后开了酒馆，在听闻\n接连发生银制品被盗事件后，\n打算近期去猎捕盗贼。"
413,"A barterer who runs a shady\npawn shop in Minea where all\ngoods-- including stolen and\nlost items-- are fair game.\nRenowned for never lowering\nhis prices, but claims them\nall to be negotiable.","住在米内亚镇的商人。\n经营着一间交易所，买卖\n各种商品，只要能卖掉，\n即使是赃物或失物也不会\n介意。极少接受讨价还价，\n但是如果耐心地不断交涉，\n也可能会让步的。"
414,"Buck's wife. Lives in Minea,\ndespite being daughter to\nthe elder of Zepik. Is very\nconcerned for her father, as\nhe seems gravely troubled,\nbut refuses to discuss it\nwith any of the villagers.","住在米内亚镇的女性，\n巴克的妻子。\n很担心身为塞皮克村村长的\n父亲。近来他心事重重的，\n总是在说「不能告诉村民们」。"
415,"Linda's husband, and Mark's\nfather. As one of the few\nyoung men in Zepik, he feels\nit's his duty to patrol for\nmonsters. Recently spotted\nthe man in the black cloak\npass through to the north.","住在塞皮克村的青年。\n琳达的丈夫，马克的父亲。\n作为塞皮克村里为数不多的\n年轻人，为防止魔物入侵\n而巡逻。不久前，目击到\n一个穿着黑斗篷的可疑男子\n前往了北边那个方向。"
416,"A bartender in Barbado. Due\nto the Stormwall, his bar\ngets no new customers these\ndays, despite once being a\nhopping locale. Constantly\ndwells on his prior success,\nwhich just brings him down.","住在巴尔巴多港口镇的男性。\n经营着一家酒馆，但是由于\n岚之结界，酒馆门可罗雀，\n处于停业关门的状态。\n一边回忆着这里曾经挤满\n船员们的热闹时光，一边\n寂寞地打发着多余的时间。"
417,"A boy from Minea. Complains\nthat he hasn't been able to\nplay at the big trees in the\nnorth since the monsters\ncame. Believes climbing one\nof those trees would be the\nbest feeling in the world.","住在米内亚镇的男孩。\n魔物出现后 ，就再也不能\n去喜欢的大树那玩了，\n所以感到很不开心。\n自从爬过草原北方的大树后，\n镇上和街道上的树木\n就无法再满足他了。"
418,"A patron of Orman's bar in\nMinea. Used to work in the\nsilver mine, but after its\nclosure due to demon infes-\ntation, he began drinking\nheavily-- and he was already\na big drinker to begin with.","在米内亚镇酒馆的青年。\n曾在银矿山工作，魔物\n出现后没了工作，成天\n自暴自弃地喝酒度日。\n有工作的时候也会以\n「今天也努力了一天」\n为理由喝酒。"
419,"Head nurse at Klaus' clinic\nin Minea. Has been handling\nin-patient care whenever\nKlaus is out on house calls.\nHer care and counsel is so\ndesired that many patients\npray for a lengthy recovery.","住在米内亚镇的护士。\n代替经常不在医院的克劳斯，\n承担着入院患者的护理工作。\n据说有的患者为了让莉莎\n照顾，而祈祷伤势慢点恢复。"
420,"Has the face of an old man,\nbut is only in his twenties.\nHas grown weary of being\nsingle, but lives amongst\nmostly elderly individuals\nin Zepik Village, making his\ngirlfriend hunt a challenge.","住在塞皮克村的男性。\n虽然长相看起来十分老成，\n但其实才二十几岁。最近，\n开始觉得单身很是寂寞。\n虽然他想要找个女朋友，\n可是塞皮克村多为老人，如何\n邂逅年轻女性是他在烦恼的。"
421,"Torrance's wife, and Danny's\nmother. Born and raised in\nBarbado, and is a real beach\nbabe at heart, but worries\nfor the safety of her son.\nCan't decide if moving to\nMinea is the right decision.","住在巴尔巴多港口镇的女性。\n托兰斯的妻子，丹尼的母亲。\n土生土长的巴尔巴多人，\n是个地地道道的海滨之民，\n但为了孩子的安全，\n正在犹豫是否要搬到\n有城墙的米内亚去。"
422,"A carpenter living in Minea.\nHas been exceptionally busy\nlately due to the influx of\nimmigrants from Barbado.\nGreatly admires Darm Tower\nfor being such an impossible\nfeat of engineering design.","住在米内亚镇的木匠。\n也许是因为最近迁居的人\n变多了，木匠的工作变得\n十分繁忙。\n他每次看到巨大的达姆之塔，\n都会对其庞大的建造规模\n感到钦佩。"
423,"Minea's resident doctor. Has\nbeen exceptionally busy ever\nsince the monsters appeared,\nand is more often out and\nabout than in his clinic. A\nwell-reputed, well-liked and\ndedicated professional.","住在米内亚镇的医生。\n魔物出现后变得非常繁忙，\n多数时候反而都不在医院里。\n作为名医受到镇上所有人的\n尊敬，为了不辜负大家的\n期待，每天都四处奔波着。"
424,"Zepik's elder. Guards the\nSilver Bell, which has been\nthe village's treasure for\ngenerations. Seems troubled\nrecently, though, and seeks\na kindly non-villager to aid\nhim in an important matter.","塞皮克村的村长。\n他家代代相传着\n村子的象征「银铃」。\n近来似乎遇到了大麻烦，\n正在寻找村民以外的\n可以依靠的人。"
425,"A poet and troubadour from\nZepik who sleepwalks almost\nnightly, constantly worrying\nhis wife by wandering out to\nthe plains without even\nrealizing it. Started around\nthe time the monsters came.","住在塞皮克村的吟游诗人。\n自从魔物出现后，\n他就被梦游症所困扰，\n总会在不知不觉中四处游荡。"
426,"The creature from the mines\nwho annihilated the village\nof Rastin in a single night.\nDivides itself into innumer-\nable bats, swarming its prey\nwithout mercy. Only vulner-\nable when it re-forms.","出现在废坑最下层的魔物。\n半年前，它一夜之间摧毁了\n拉斯汀村。能分身出无数的\n蝙蝠包围住敌人。\n只有在现出真身时才能对其\n造成伤害，想要打倒它的话，\n需要有及时找准机会的勇气。"
427,"A deadly crimson sphere that\nsurrounds itself with rocks\nof varying size and shape,\nand hurls them throughout\nthe room at will. Your only\nhope of defeating it is to\nfind an opening and take it.","出现在达姆之塔14层的\n岩石怪物。在真身鲜红的\n光球周围漂浮着无数的岩块。\n就算害怕危险而远离它，\n也会成为飞来的石弹的猎物。\n想要活下来，就必须拿出勇气\n踏入岩石风暴之中。"
428,"Little girl in Barbado. Her\nfather wants to return to\nthe mainland, but Cheryl is\nunwilling to leave her buddy\nDanny behind. Even more of a\nmenace than he is, always\nplotting an escape to Minea.","住在巴尔巴多港口镇的女孩。\n虽然她父亲想要返回大陆，\n但是她不想离开有朋友在的\n艾斯塔里亚。\n其实她比丹尼还要淘气，\n甚至打算穿过有魔物出没的\n街道去米内亚玩。"
429,"An old lady from Barbado.\nHer son and daughter-in-law\nin Minea want her to move in\nwith them, but she refuses\nto leave her dear hometown--\nthough she does worry about\nher mischievous grandchild.","住在巴尔巴多港口镇的老妇。\n她拒绝了住在米内亚镇的\n儿子儿媳要她搬去一起住的\n请求，因为她不想离开家乡。\n她唯一担心的是贪玩的孙子\n会不会乱来。"
430,"A woman from Minea. Has been\na bit on edge lately with\nall the rumors of thievery,\nbut takes solace in Minea's\nsafety from monsters. Still,\nshe can't quite bring her-\nself to let her guard down.","住在米内亚镇的女性。\n最近接连发生的盗窃事件\n让她对盗贼提高了警惕。\n虽然对城墙的保护感到安心，\n但周围环境的变化\n又让她隐隐感到不安。"
431,"A woman from Minea. Franz's\ndaughter and Lucca's mother.\nKnows the land's folklore\nwell, just like her father.\nClaims there was once to be\na south gate built in Minea,\nbut the plan was scrapped.","住在米内亚镇的女性。\n弗朗兹老人的女儿，\n路卡的母亲。受到父亲的影响\n对古代传说很熟悉。据她说，\n以前人们想在米内亚的城墙上\n建造南门，但因为墙壁太结实\n而没能建成。"
432,"A beast guarding one of the\nsealed Books of Ys. Wriggles\nwildly, charging intruders.\nThe only way to defeat it is\nto avoid its speedy attacks\nand strike its joints before\nit slides too far away.","在被封印了数重的神殿地下，\n守护着伊苏之书的怪物。\n出现入侵者时会现出真身，\n利用高大的身体袭向对方。\n想要打倒它，需要一边躲开\n高速攻击过来的尖牙，\n一边斩断柔软的关节部位。"
433,"A trader in Barbado Port.\nLived in the city, but came\nto Esteria with his family\nto deal in silver. Now, with\nthe Stormwall, all he thinks\nabout is finding a way back\nhome, away from the madness.","住在巴尔巴多港口镇的商人。\n他以前住在城市里，但为了\n在银的交易中投机赚钱，\n带着家人来到了艾斯塔里亚。\n被预料外的岚之结界困住后，\n他满脑子想的都是返回大陆。"
434,"A young man hospitalized in\nMinea. Boasts of his might,\nso when monsters appeared in\nthe mine, he tried to fight\nthem off-- but it didn't go\nwell. Sleeps off his pain,\ndreaming of naughty things.","在米内亚医院里住院的青年。\n想要展示力量而去挑战\n出现在矿山的魔物，\n结果遭到反击受伤入院。\n虽然身负重伤，\n却还做着香甜的秽梦，\n看来性格相当乐天。"
435,"An open-minded old lady from\nZepik, who seems willing to\ngive anyone the benefit of\nthe doubt. When asked about\nthe monsters or the thieves,\nshe simply says, 'I don't\nknow what they're thinking.'","住在塞皮克村的老妇人。\n上了年纪依旧豁达并且\n精力充沛的老奶奶。\n认为魔物和盗贼都是一群\n「不知道在想什么的家伙」。"
436,"Sole nurse at the clinic in\nBarbado Port. Kindly treated\nAdol's wounds after he was\nfound. Generally very sweet,\nbut when she gets mad, she's\nscary as all hell. That may\nbe why she's still single.","住在巴尔巴多港口镇的护士。\n在亚特鲁的伤势痊愈之前，\n一直亲切地照护着他。\n平时很温柔，但是生气起来\n会很恐怖，布卢多和斯拉夫\n都不敢违抗她。顺带一提，\n她现在正在找对象中。"
437,"A patient in Minea's clinic.\nWas attacked by Rhebolls on\nhis way to Minea from Zepik,\nand seems to have been trau-\nmatized by the experience.\nStill has nightmares about\nRhebolls chasing after him.","在米内亚医院里住院的青年。\n从塞皮克村来米内亚的途中，\n被利波鲁追赶并受了伤。\n袭击对他造成了心理阴影，\n甚至梦中也被利波鲁追赶着。"
438,"A pessimistic young man from\nBarbado. The sudden troubles\nin Esteria really shook him\nup. Wants to move to Minea\nwith his family, but always\nwusses out when he considers\nthe monsters along the way.","住在巴尔巴多港口镇的男性。\n突如其来的灾难让他很心烦，\n每天都想着悲观的事情，\n虽然想带着家人一起搬到\n拥有坚固城墙的米内亚去，\n但想到途中可能被魔物袭击，\n就很难下定决心。"
439,"A descendant of Fact, one of\nthe Six Priests of Ys, who's\nbecome corrupted by a lust\nfor power. Seeks to gather\nthe six Books of Ys for his\nown nefarious purposes, and\nwill do anything to get them.","坐在达姆之塔最上层的人物。\n六神官之一法克特的子孙，\n被魔的力量所魅惑，\n给艾斯塔里亚招致各种灾难。\n他暗中的所有行动都是为了\n集齐六本伊苏之书，\n将古代王国的力量据为己有。"
440,Lyus,莱乌斯
441,EASY,简单
442,HARD,困难
443,SAVE,保存
444,LOAD,读取
445,ERASE,删除存档
446,TITLE,返回标题
447,QUIT,退出游戏
448,Directional Movement,移动方向
449,Sound,声音设置
450,FILES,档案
451,EQUIP,装备
452,ITEM,物品
453,NOTE,笔记
454,Run,奔跑
455,Walk,行走
456,"A scholar hiding out in a\nsecret room in Darm Tower.\nCame to Ester","在塔的密室中遇到的学者。\n半年前，为了调查古代遗迹\n而来到了艾斯塔里亚。\n后来，在调查达姆之塔时，\n被突然涌出的魔物\n困在了塔中。"
457,Dogi,多奇
458,Raba,拉巴
459,Feena,菲娜
460,Luta Gemma,卢达・洁玛
461,"\\\"Evil eyes\\\"","\\\"邪眼\\\""
462,"Yes"","是"
463,"No","否"
464,"Fran","芙兰"
465,"Reah","蕾雅"
466,"Prim","普丽姆"
467,"Fana","法娜"
468,"Hans","汉斯"
469,"Bron","布隆"
469,"Kain","凯恩"
469,"Pim","皮姆"
469,"Buck","巴克"
470,"Dios","迪奥斯"
471,"Ephy","艾菲"
472,"Sara","莎拉"
473,"Jeba","洁瓦"
474,"Mark","马克"
475,"Iris","爱莉丝"
476,"Demi","黛米"
477,"QUIT","退出游戏"
478,"Idol",""
479,"Rod",""
480,"Ruby",""
481,"Wing",""
482,"Total","累计"
483,"Black","黑色"
484,"Off","关"
485,"On","开"
486,"Solid","不透明"
487,"Point","无过滤"
488,"Passage","通道"
489,"Shrine B3","神殿地下3层"
490,"Shrine B3","神殿地下3层"
491,"Shrine B3","神殿地下3层"
492,"Mayor's Residence","村长宅邸"
493,"Mayor's Residence","村长宅邸"
